transaction_id,transaction_DATE,transaction_time,transaction_qty,store_id,Platform,product_id,unit_price,day_of_week,Time_bracket
101418,2024-05-21,02:06:59,2,3,Zomato,17,340,Tuesday,"12 AM - 3 AM"
107567,2024-05-05,07:56:55,1,8,Walk-In,22,200,Sunday,"6 AM - 12 PM"
76557,2024-03-26,19:59:49,3,5,Walk-In,25,240,Tuesday,"6 PM - 12 AM"
46109,2024-05-30,22:55:40,2,5,Walk-In,6,300,Thursday,"6 PM - 12 AM"
57204,2024-01-02,15:06:01,1,3,Walk-In,22,200,Tuesday,"12 PM - 6 PM"
118305,2024-05-25,23:43:02,2,3,Walk-In,86,240,Saturday,"6 PM - 12 AM"
129288,2024-04-16,20:50:48,2,8,Walk-In,18,176,Tuesday,"6 PM - 12 AM"
47628,2024-04-01,16:24:23,2,3,Walk-In,24,240,Monday,"12 PM - 6 PM"
69907,2024-03-21,21:58:55,2,8,Walk-In,26,200,Thursday,"6 PM - 12 AM"
140695,2024-08-01,11:58:22,1,5,Swiggy,60,280,Thursday,"6 AM - 12 PM"
90757,2024-05-29,19:14:11,1,5,Walk-In,6,300,Wednesday,"6 PM - 12 AM"
138871,2024-04-16,01:15:48,2,3,Walk-In,26,200,Tuesday,"12 AM - 3 AM"
22685,2024-01-01,18:30:34,1,3,Walk-In,26,200,Monday,"6 PM - 12 AM"
73848,2024-03-28,07:03:50,1,3,Swiggy,39,380,Thursday,"6 AM - 12 PM"
5353,2024-03-17,22:34:29,2,3,Zomato,16,300,Sunday,"6 PM - 12 AM"
30573,2024-06-17,01:03:17,2,3,Walk-In,26,200,Monday,"12 AM - 3 AM"
134640,2024-04-25,12:33:29,1,3,Walk-In,5,260,Thursday,"12 PM - 6 PM"
126489,2024-05-03,23:50:03,2,3,Walk-In,73,300,Friday,"6 PM - 12 AM"
142293,2024-09-05,22:52:12,2,5,Walk-In,38,240,Thursday,"6 PM - 12 AM"
79893,2024-05-27,13:53:04,1,3,Walk-In,25,240,Monday,"12 PM - 6 PM"
3202,2024-04-16,23:45:21,2,3,Walk-In,26,200,Tuesday,"6 PM - 12 AM"
12892,2024-02-01,22:04:13,2,3,Walk-In,73,300,Thursday,"6 PM - 12 AM"
66739,2024-03-06,00:27:25,1,5,Swiggy,118,360,Wednesday,"12 AM - 3 AM"
68692,2024-04-04,20:24:14,2,5,Walk-In,59,200,Thursday,"6 PM - 12 AM"
64706,2024-03-16,19:32:05,1,5,Swiggy,118,360,Saturday,"6 PM - 12 AM"
77361,2024-05-04,23:36:18,1,3,Walk-In,20,160,Saturday,"6 PM - 12 AM"
83640,2024-01-05,10:48:24,1,5,Walk-In,35,280,Friday,"6 AM - 12 PM"
13181,2024-12-03,11:58:42,2,3,Walk-In,26,200,Tuesday,"6 AM - 12 PM"
110090,2024-02-22,20:43:47,3,5,Swiggy,47,280,Thursday,"6 PM - 12 AM"
111665,2024-04-06,18:31:04,1,3,Walk-In,45,176,Saturday,"6 PM - 12 AM"
122618,2024-04-14,22:10:31,2,5,Zomato,13,300,Sunday,"6 PM - 12 AM"
2224,2024-06-20,13:58:15,1,8,Walk-In,25,240,Thursday,"12 PM - 6 PM"
15849,2024-01-06,17:25:57,2,5,Zomato,10,300,Saturday,"12 PM - 6 PM"
52329,2024-02-14,11:14:04,1,3,Walk-In,3,260,Wednesday,"6 AM - 12 PM"
55676,2024-04-04,15:03:17,2,5,Zomato,13,300,Thursday,"12 PM - 6 PM"
125309,2024-06-21,10:41:48,1,5,Walk-In,58,200,Friday,"6 AM - 12 PM"
44617,2024-03-01,08:23:26,2,5,Zomato,16,300,Friday,"6 AM - 12 PM"
123169,2024-03-24,14:32:45,2,3,Zomato,44,360,Sunday,"12 PM - 6 PM"
95094,2024-04-18,08:32:35,1,8,Walk-In,3,260,Thursday,"6 AM - 12 PM"
123462,2024-11-03,16:09:19,1,5,Walk-In,88,240,Sunday,"12 PM - 6 PM"
5948,2024-03-29,13:17:23,2,5,Zomato,16,300,Friday,"12 PM - 6 PM"
135325,2024-02-03,19:28:38,2,3,Walk-In,38,240,Saturday,"6 PM - 12 AM"
11496,2024-06-05,16:31:16,1,8,Walk-In,68,280,Wednesday,"12 PM - 6 PM"
51245,2024-04-23,22:34:28,1,8,Walk-In,12,240,Tuesday,"6 PM - 12 AM"
71889,2024-03-24,08:45:25,2,5,Zomato,13,300,Sunday,"6 AM - 12 PM"
134360,2024-06-13,00:47:15,2,8,Walk-In,73,300,Thursday,"12 AM - 3 AM"
139,2024-02-28,19:35:12,1,3,Walk-In,26,200,Wednesday,"6 PM - 12 AM"
18879,2024-10-01,08:29:19,1,5,Walk-In,26,200,Tuesday,"6 AM - 12 PM"
77102,2024-05-17,20:09:27,1,3,Walk-In,93,200,Friday,"6 PM - 12 AM"
49585,2024-03-27,22:28:00,1,5,Zomato,17,340,Wednesday,"6 PM - 12 AM"
78061,2024-03-06,23:22:43,1,5,Zomato,10,300,Wednesday,"6 PM - 12 AM"
18389,2024-04-03,08:05:49,2,3,Walk-In,73,300,Wednesday,"6 AM - 12 PM"
130871,2024-02-03,16:15:58,2,5,Walk-In,76,204,Saturday,"12 PM - 6 PM"
12384,2024-05-14,23:40:45,1,3,Walk-In,68,280,Tuesday,"6 PM - 12 AM"
32142,2024-06-30,15:50:26,2,3,Walk-In,25,240,Sunday,"12 PM - 6 PM"
139723,2024-02-03,10:41:51,2,8,Walk-In,26,200,Saturday,"6 AM - 12 PM"
147153,2024-04-13,13:51:13,1,5,Walk-In,6,300,Saturday,"12 PM - 6 PM"
14268,2024-01-06,17:12:52,1,5,Walk-In,18,176,Saturday,"12 PM - 6 PM"
134119,2024-04-23,09:57:00,1,8,Walk-In,73,300,Tuesday,"6 AM - 12 PM"
23858,2024-06-27,20:11:38,2,3,Walk-In,26,200,Thursday,"6 PM - 12 AM"
59985,2024-09-03,09:05:15,2,8,Walk-In,93,200,Tuesday,"6 AM - 12 PM"
94389,2024-02-27,16:16:19,1,5,Walk-In,38,240,Tuesday,"12 PM - 6 PM"
78310,2024-04-05,06:53:18,2,8,Swiggy,39,380,Friday,"6 AM - 12 PM"
92195,2024-05-05,14:17:57,1,5,Walk-In,8,300,Sunday,"12 PM - 6 PM"
134247,2024-03-05,15:39:54,1,3,Walk-In,8,300,Tuesday,"12 PM - 6 PM"
138537,2024-03-22,23:37:12,1,3,Zomato,17,340,Friday,"6 PM - 12 AM"
4043,2024-04-16,21:38:05,1,5,Swiggy,60,280,Tuesday,"6 PM - 12 AM"
55603,2024-03-02,09:14:09,2,5,Zomato,14,340,Saturday,"6 AM - 12 PM"
66329,2024-06-29,15:36:22,2,3,Walk-In,58,200,Saturday,"12 PM - 6 PM"
81518,2024-04-21,22:38:10,1,3,Walk-In,76,204,Sunday,"6 PM - 12 AM"
93815,2024-06-17,16:10:28,2,3,Walk-In,59,200,Monday,"12 PM - 6 PM"
125080,2024-01-26,19:51:15,2,8,Walk-In,93,200,Friday,"6 PM - 12 AM"
38301,2024-06-27,23:02:15,2,8,Swiggy,47,280,Thursday,"6 PM - 12 AM"
63285,2024-01-22,13:33:16,1,8,Walk-In,58,200,Monday,"12 PM - 6 PM"
14861,2024-02-03,16:42:28,1,3,Walk-In,4,280,Saturday,"12 PM - 6 PM"
23727,2024-06-15,20:26:54,1,5,Zomato,13,300,Saturday,"6 PM - 12 AM"
101663,2024-01-06,20:55:48,2,3,Walk-In,12,240,Saturday,"6 PM - 12 AM"
149380,2024-01-15,14:47:24,1,8,Walk-In,24,240,Monday,"12 PM - 6 PM"
70104,2024-05-29,00:36:08,2,5,Walk-In,25,240,Wednesday,"12 AM - 3 AM"
97106,2024-12-04,10:44:38,1,3,Walk-In,54,64,Wednesday,"6 AM - 12 PM"
123218,2024-05-24,22:59:32,1,8,Zomato,118,360,Friday,"6 PM - 12 AM"
124220,2024-05-17,00:35:40,2,3,Walk-In,88,240,Friday,"12 AM - 3 AM"
12045,2024-06-06,16:54:57,1,3,Swiggy,25,320,Thursday,"12 PM - 6 PM"
114917,2024-06-22,08:47:54,2,8,Walk-In,21,240,Saturday,"6 AM - 12 PM"
139591,2024-02-02,17:58:03,2,5,Walk-In,23,240,Friday,"12 PM - 6 PM"
105974,2024-01-06,18:50:29,2,3,Walk-In,52,248,Saturday,"6 PM - 12 AM"
6157,2024-04-03,12:53:08,2,3,Walk-In,53,160,Wednesday,"12 PM - 6 PM"
72853,2024-04-23,21:21:54,1,3,Walk-In,25,240,Tuesday,"6 PM - 12 AM"
23137,2024-01-25,23:35:21,2,8,Walk-In,22,200,Thursday,"6 PM - 12 AM"
104880,2024-02-17,18:16:59,1,5,Walk-In,26,200,Saturday,"6 PM - 12 AM"
57929,2024-06-21,22:16:07,1,8,Walk-In,25,240,Friday,"6 PM - 12 AM"
128626,2024-05-26,16:11:26,2,3,Walk-In,12,240,Sunday,"12 PM - 6 PM"
33454,2024-06-06,16:16:59,1,5,Walk-In,26,200,Thursday,"12 PM - 6 PM"
73834,2024-06-25,18:56:56,2,3,Walk-In,73,300,Tuesday,"6 PM - 12 AM"
85931,2024-02-03,22:35:22,1,3,Walk-In,6,300,Saturday,"6 PM - 12 AM"
87053,2024-04-06,21:59:52,1,5,Zomato,17,340,Saturday,"6 PM - 12 AM"
100474,2024-01-23,23:35:48,2,5,Walk-In,88,240,Tuesday,"6 PM - 12 AM"
52675,2024-05-31,17:48:37,2,3,Walk-In,24,240,Friday,"12 PM - 6 PM"
51872,2024-03-29,17:26:24,2,3,Walk-In,88,240,Friday,"12 PM - 6 PM"
96161,2024-06-21,23:30:32,2,8,Walk-In,88,240,Friday,"6 PM - 12 AM"
126445,2024-01-06,00:40:57,2,8,Walk-In,25,240,Saturday,"12 AM - 3 AM"
3242,2024-06-06,16:14:01,2,3,Swiggy,47,280,Thursday,"12 PM - 6 PM"
9129,2024-03-20,19:23:20,2,3,Walk-In,26,200,Wednesday,"6 PM - 12 AM"
17907,2024-06-20,16:35:00,1,3,Swiggy,39,380,Thursday,"12 PM - 6 PM"
95081,2024-09-06,01:36:09,1,3,Walk-In,53,160,Friday,"12 AM - 3 AM"
123084,2024-02-13,10:53:41,2,3,Walk-In,26,200,Tuesday,"6 AM - 12 PM"
57,2024-03-03,10:44:11,2,5,Walk-In,26,200,Sunday,"6 AM - 12 PM"
26736,2024-05-23,11:55:17,2,5,Walk-In,53,160,Thursday,"6 AM - 12 PM"
87468,2024-01-29,01:03:31,1,3,Zomato,10,300,Monday,"12 AM - 3 AM"
20692,2024-11-06,21:16:43,1,5,Walk-In,73,300,Wednesday,"6 PM - 12 AM"
32786,2024-04-20,06:37:23,1,8,Walk-In,25,240,Saturday,"6 AM - 12 PM"
54077,2024-02-02,21:58:17,1,3,Swiggy,47,280,Friday,"6 PM - 12 AM"
56355,2024-08-05,15:24:39,2,8,Swiggy,47,280,Monday,"12 PM - 6 PM"
72601,2024-04-04,13:42:24,2,5,Zomato,13,300,Thursday,"12 PM - 6 PM"
73283,2024-08-04,14:40:55,2,3,Walk-In,59,200,Sunday,"12 PM - 6 PM"
94918,2024-01-28,21:41:19,2,3,Walk-In,12,240,Sunday,"6 PM - 12 AM"
113972,2024-04-29,20:49:17,2,5,Walk-In,12,240,Monday,"6 PM - 12 AM"
148705,2024-11-02,16:11:31,1,5,Walk-In,8,300,Saturday,"12 PM - 6 PM"
149037,2024-05-03,11:06:05,2,3,Walk-In,76,204,Friday,"6 AM - 12 PM"
36226,2024-05-02,22:17:20,2,3,Walk-In,45,176,Thursday,"6 PM - 12 AM"
45470,2024-08-05,17:07:39,1,8,Walk-In,26,200,Monday,"12 PM - 6 PM"
1597,2024-03-22,12:20:49,1,3,Walk-In,8,300,Friday,"12 PM - 6 PM"
24394,2024-05-17,14:39:41,2,8,Walk-In,88,240,Friday,"12 PM - 6 PM"
87001,2024-08-03,15:54:45,1,3,Walk-In,38,240,Saturday,"12 PM - 6 PM"
105966,2024-05-04,14:44:49,2,3,Walk-In,21,240,Saturday,"12 PM - 6 PM"
51789,2024-03-27,19:02:43,1,3,Walk-In,26,200,Wednesday,"6 PM - 12 AM"
60052,2024-06-24,16:56:01,2,8,Walk-In,12,240,Monday,"12 PM - 6 PM"
66043,2024-05-04,22:29:22,1,3,Walk-In,59,200,Saturday,"6 PM - 12 AM"
104385,2024-12-02,08:36:47,1,3,Zomato,14,340,Monday,"6 AM - 12 PM"
127459,2024-08-04,18:56:30,2,3,Walk-In,26,200,Sunday,"6 PM - 12 AM"
133837,2024-03-02,13:46:28,1,3,Walk-In,24,240,Saturday,"12 PM - 6 PM"
57718,2024-03-24,06:20:31,1,3,Swiggy,60,280,Sunday,"6 AM - 12 PM"
95563,2024-03-02,06:21:12,1,3,Walk-In,6,300,Saturday,"6 AM - 12 PM"
50914,2024-03-03,19:33:44,1,3,Walk-In,38,240,Sunday,"6 PM - 12 AM"
67216,2024-02-03,20:41:00,2,8,Walk-In,26,200,Saturday,"6 PM - 12 AM"
78278,2024-02-06,17:50:20,2,3,Swiggy,60,280,Tuesday,"12 PM - 6 PM"
130821,2024-04-29,13:09:28,1,3,Walk-In,4,240,Monday,"12 PM - 6 PM"
83659,2024-03-15,14:48:19,1,5,Walk-In,5,260,Friday,"12 PM - 6 PM"
144394,2024-08-02,20:24:59,2,3,Walk-In,24,240,Friday,"6 PM - 12 AM"
5547,2024-01-06,19:36:19,1,5,Zomato,44,360,Saturday,"6 PM - 12 AM"
7236,2024-05-31,20:24:44,1,5,Walk-In,74,64,Friday,"6 PM - 12 AM"
43873,2024-12-04,16:23:16,1,5,Walk-In,6,300,Wednesday,"12 PM - 6 PM"
111659,2024-03-05,15:46:30,2,5,Walk-In,26,200,Tuesday,"12 PM - 6 PM"
132328,2024-03-23,18:20:54,2,3,Swiggy,47,280,Saturday,"6 PM - 12 AM"
50664,2024-05-06,14:56:47,2,8,Walk-In,25,240,Monday,"12 PM - 6 PM"
67416,2024-12-06,00:32:42,1,5,Walk-In,26,200,Friday,"12 AM - 3 AM"
69465,2024-03-06,18:38:53,1,8,Zomato,13,300,Wednesday,"6 PM - 12 AM"
93702,2024-11-02,15:24:42,2,3,Walk-In,86,240,Saturday,"12 PM - 6 PM"
28067,2024-05-27,21:13:34,2,8,Walk-In,25,240,Monday,"6 PM - 12 AM"
32528,2024-12-05,06:02:48,2,8,Swiggy,47,280,Thursday,"6 AM - 12 PM"
52842,2024-03-20,19:06:41,1,3,Walk-In,86,240,Wednesday,"6 PM - 12 AM"
60376,2024-04-03,14:38:53,2,3,Walk-In,22,200,Wednesday,"12 PM - 6 PM"
125015,2024-05-05,14:48:02,2,5,Walk-In,52,248,Sunday,"12 PM - 6 PM"
10228,2024-05-16,09:47:13,2,3,Walk-In,5,260,Thursday,"6 AM - 12 PM"
67364,2024-05-19,22:29:06,2,3,Zomato,14,340,Sunday,"6 PM - 12 AM"
94267,2024-01-06,11:23:28,2,5,Walk-In,25,240,Saturday,"6 AM - 12 PM"
105248,2024-08-06,22:44:13,1,5,Zomato,10,300,Tuesday,"6 PM - 12 AM"
118193,2024-01-29,18:09:47,1,5,Walk-In,8,300,Monday,"6 PM - 12 AM"
123955,2024-06-24,12:21:11,2,3,Walk-In,76,204,Monday,"12 PM - 6 PM"
75926,2024-05-31,17:12:32,1,8,Walk-In,24,240,Friday,"12 PM - 6 PM"
85774,2024-04-13,19:11:12,2,5,Walk-In,58,200,Saturday,"6 PM - 12 AM"
93499,2024-08-03,18:26:41,1,5,Walk-In,21,240,Saturday,"6 PM - 12 AM"
129212,2024-10-03,19:55:16,1,5,Walk-In,18,176,Thursday,"6 PM - 12 AM"
15548,2024-12-01,07:49:27,2,5,Walk-In,20,160,Sunday,"6 AM - 12 PM"
89975,2024-11-05,17:08:11,2,8,Walk-In,100,64,Tuesday,"12 PM - 6 PM"
147668,2024-04-15,13:39:07,2,8,Walk-In,26,200,Monday,"12 PM - 6 PM"
12448,2024-06-03,21:14:25,1,5,Walk-In,26,200,Monday,"6 PM - 12 AM"
40284,2024-09-05,22:10:04,2,5,Walk-In,35,280,Thursday,"6 PM - 12 AM"
26593,2024-05-01,06:27:12,1,3,Walk-In,76,204,Wednesday,"6 AM - 12 PM"
44520,2024-01-05,21:11:54,2,3,Walk-In,18,176,Friday,"6 PM - 12 AM"
103479,2024-05-31,14:07:10,2,8,Zomato,13,300,Friday,"12 PM - 6 PM"
78200,2024-03-06,08:47:35,1,3,Zomato,14,340,Wednesday,"6 AM - 12 PM"
22745,2024-05-29,18:24:44,1,3,Walk-In,23,240,Wednesday,"6 PM - 12 AM"
78772,2024-03-01,19:23:44,1,5,Walk-In,6,300,Friday,"6 PM - 12 AM"
14066,2024-04-25,18:37:50,1,3,Walk-In,12,240,Thursday,"6 PM - 12 AM"
69427,2024-10-05,22:47:48,1,3,Swiggy,47,280,Saturday,"6 PM - 12 AM"
134052,2024-06-17,22:59:28,1,3,Walk-In,21,240,Monday,"6 PM - 12 AM"
42185,2024-12-03,19:28:17,2,3,Walk-In,35,280,Tuesday,"6 PM - 12 AM"
89753,2024-05-31,23:12:17,2,8,Walk-In,20,160,Friday,"6 PM - 12 AM"
118726,2024-01-27,19:35:18,1,8,Walk-In,25,240,Saturday,"6 PM - 12 AM"
40670,2024-02-18,16:56:25,2,8,Walk-In,54,64,Sunday,"12 PM - 6 PM"
102672,2024-03-03,13:00:36,2,3,Walk-In,76,204,Sunday,"12 PM - 6 PM"
103547,2024-05-05,16:22:50,1,3,Walk-In,26,200,Sunday,"12 PM - 6 PM"
26433,2024-02-05,21:43:04,1,3,Walk-In,35,280,Monday,"6 PM - 12 AM"
49423,2024-03-28,10:45:41,1,8,Swiggy,25,320,Thursday,"6 AM - 12 PM"
92860,2024-10-01,14:57:55,2,8,Walk-In,43,240,Tuesday,"12 PM - 6 PM"
109416,2024-05-26,20:42:47,2,3,Walk-In,18,176,Sunday,"6 PM - 12 AM"
142517,2024-03-04,21:06:47,2,3,Walk-In,88,240,Monday,"6 PM - 12 AM"
30253,2024-02-04,13:44:26,2,8,Walk-In,26,200,Sunday,"12 PM - 6 PM"
104391,2024-04-18,11:01:11,2,5,Walk-In,24,240,Thursday,"6 AM - 12 PM"
45285,2024-04-28,14:51:36,1,5,Walk-In,26,200,Sunday,"12 PM - 6 PM"
54766,2024-03-20,12:40:40,2,8,Walk-In,20,160,Wednesday,"12 PM - 6 PM"
22057,2024-06-20,00:51:54,1,5,Walk-In,22,200,Thursday,"12 AM - 3 AM"
62079,2024-03-30,13:27:36,1,5,Walk-In,3,260,Saturday,"12 PM - 6 PM"
105989,2024-10-02,19:30:59,1,8,Walk-In,24,240,Wednesday,"6 PM - 12 AM"
552,2024-04-02,14:40:32,2,8,Walk-In,43,240,Tuesday,"12 PM - 6 PM"
22123,2024-05-02,20:51:05,1,8,Zomato,16,300,Thursday,"6 PM - 12 AM"
99626,2024-08-06,14:12:23,1,3,Walk-In,25,240,Tuesday,"12 PM - 6 PM"
2370,2024-06-27,23:00:53,1,8,Walk-In,43,240,Thursday,"6 PM - 12 AM"
3318,2024-11-06,22:19:13,1,5,Walk-In,59,200,Wednesday,"6 PM - 12 AM"
60336,2024-04-23,23:27:45,1,8,Zomato,13,300,Tuesday,"6 PM - 12 AM"
109344,2024-03-13,21:08:28,2,8,Walk-In,76,204,Wednesday,"6 PM - 12 AM"
120215,2024-04-24,16:06:52,2,3,Swiggy,60,280,Wednesday,"12 PM - 6 PM"
80853,2024-03-30,08:10:30,1,8,Walk-In,86,240,Saturday,"6 AM - 12 PM"
8793,2024-05-19,00:59:29,2,3,Zomato,17,340,Sunday,"12 AM - 3 AM"
10141,2024-08-06,23:21:21,2,3,Walk-In,38,240,Tuesday,"6 PM - 12 AM"
2698,2024-06-18,11:29:07,2,5,Walk-In,59,200,Tuesday,"6 AM - 12 PM"
62952,2024-03-02,17:41:36,1,3,Walk-In,24,240,Saturday,"12 PM - 6 PM"
118969,2024-01-02,09:38:36,1,5,Swiggy,39,380,Tuesday,"6 AM - 12 PM"
130334,2024-05-22,06:28:36,2,8,Walk-In,93,200,Wednesday,"6 AM - 12 PM"
139214,2024-04-21,15:54:53,2,8,Swiggy,39,380,Sunday,"12 PM - 6 PM"
15770,2024-06-30,14:47:32,1,8,Walk-In,5,260,Sunday,"12 PM - 6 PM"
29422,2024-04-05,14:37:11,2,5,Walk-In,12,240,Friday,"12 PM - 6 PM"
68741,2024-02-21,23:33:11,2,8,Walk-In,26,200,Wednesday,"6 PM - 12 AM"
91551,2024-09-05,07:46:09,2,3,Zomato,13,300,Thursday,"6 AM - 12 PM"
101058,2024-05-22,00:12:56,1,8,Zomato,25,320,Wednesday,"12 AM - 3 AM"
6165,2024-07-06,22:30:23,2,5,Walk-In,21,240,Saturday,"6 PM - 12 AM"
67039,2024-04-05,21:38:38,2,3,Walk-In,25,240,Friday,"6 PM - 12 AM"
80259,2024-04-05,16:35:06,1,8,Walk-In,4,280,Friday,"12 PM - 6 PM"
108851,2024-03-25,18:22:17,1,3,Walk-In,4,280,Monday,"6 PM - 12 AM"
124210,2024-06-28,08:42:37,1,5,Walk-In,21,240,Friday,"6 AM - 12 PM"
65572,2024-06-25,12:12:44,1,3,Zomato,44,360,Tuesday,"12 PM - 6 PM"
66609,2024-05-28,18:17:50,1,3,Walk-In,26,200,Tuesday,"6 PM - 12 AM"
85661,2024-05-05,09:18:52,1,5,Walk-In,8,300,Sunday,"6 AM - 12 PM"
36470,2024-06-28,10:10:40,2,3,Walk-In,26,200,Friday,"6 AM - 12 PM"
108671,2024-03-03,16:29:29,2,3,Zomato,17,340,Sunday,"12 PM - 6 PM"
61851,2024-04-20,00:59:38,1,5,Walk-In,66,248,Saturday,"12 AM - 3 AM"
67212,2024-06-30,10:30:38,1,8,Walk-In,100,64,Sunday,"6 AM - 12 PM"
112204,2024-03-05,17:42:59,1,3,Walk-In,6,300,Tuesday,"12 PM - 6 PM"
112952,2024-05-18,16:48:04,2,8,Walk-In,93,200,Saturday,"12 PM - 6 PM"
78664,2024-05-03,13:01:50,2,3,Walk-In,58,200,Friday,"12 PM - 6 PM"
82779,2024-12-01,15:25:56,2,5,Walk-In,18,176,Sunday,"12 PM - 6 PM"
86999,2024-05-15,12:28:26,1,5,Walk-In,8,300,Wednesday,"12 PM - 6 PM"
89587,2024-02-06,21:15:52,2,5,Walk-In,25,240,Tuesday,"6 PM - 12 AM"
10645,2024-09-06,12:25:33,2,3,Walk-In,52,248,Friday,"12 PM - 6 PM"
89254,2024-02-13,17:33:05,1,3,Walk-In,20,160,Tuesday,"12 PM - 6 PM"
138269,2024-10-03,06:11:15,1,5,Walk-In,24,240,Thursday,"6 AM - 12 PM"
25625,2024-06-21,13:38:47,1,3,Walk-In,54,64,Friday,"12 PM - 6 PM"
144828,2024-06-16,18:50:35,1,5,Zomato,10,300,Sunday,"6 PM - 12 AM"
79225,2024-05-20,11:35:56,1,3,Walk-In,26,200,Monday,"6 AM - 12 PM"
13621,2024-09-05,17:05:52,1,3,Zomato,13,300,Thursday,"12 PM - 6 PM"
124557,2024-06-16,16:44:37,2,3,Walk-In,35,280,Sunday,"12 PM - 6 PM"
142470,2024-02-06,17:22:06,1,3,Walk-In,22,200,Tuesday,"12 PM - 6 PM"
129304,2024-01-25,20:45:16,1,3,Swiggy,118,360,Thursday,"6 PM - 12 AM"
10163,2024-03-15,12:53:07,1,8,Walk-In,35,280,Friday,"12 PM - 6 PM"
100649,2024-04-29,12:20:33,2,5,Walk-In,24,240,Monday,"12 PM - 6 PM"
13204,2024-06-30,22:30:46,1,5,Walk-In,2,280,Sunday,"6 PM - 12 AM"
116241,2024-06-01,21:05:52,2,5,Walk-In,12,240,Saturday,"6 PM - 12 AM"
14649,2024-03-20,22:19:08,2,8,Walk-In,25,240,Wednesday,"6 PM - 12 AM"
24818,2024-04-30,19:05:32,2,3,Walk-In,25,240,Tuesday,"6 PM - 12 AM"
40635,2024-03-03,19:02:36,1,8,Walk-In,26,200,Sunday,"6 PM - 12 AM"
119868,2024-08-01,09:22:44,2,3,Walk-In,26,200,Thursday,"6 AM - 12 PM"
5332,2024-06-06,13:46:07,2,3,Zomato,16,300,Thursday,"12 PM - 6 PM"
28121,2024-03-27,20:39:16,1,8,Walk-In,25,240,Wednesday,"6 PM - 12 AM"
69535,2024-04-13,22:24:04,2,8,Walk-In,38,240,Saturday,"6 PM - 12 AM"
89744,2024-06-23,02:42:38,2,3,Swiggy,60,280,Sunday,"12 AM - 3 AM"
34139,2024-06-05,09:09:53,1,8,Walk-In,5,260,Wednesday,"6 AM - 12 PM"
86242,2024-10-03,12:54:48,2,8,Swiggy,60,280,Thursday,"12 PM - 6 PM"
22224,2024-08-02,12:07:33,2,3,Walk-In,88,240,Friday,"12 PM - 6 PM"
28402,2024-04-15,21:50:57,1,5,Walk-In,3,260,Monday,"6 PM - 12 AM"
66217,2024-01-27,12:43:46,2,3,Walk-In,73,300,Saturday,"12 PM - 6 PM"
101791,2024-03-15,15:12:02,1,5,Swiggy,39,380,Friday,"12 PM - 6 PM"
5137,2024-02-24,08:05:24,1,8,Zomato,44,360,Saturday,"6 AM - 12 PM"
12765,2024-06-06,06:00:35,2,8,Walk-In,53,160,Thursday,"6 AM - 12 PM"
30993,2024-05-28,19:48:42,2,5,Walk-In,63,64,Tuesday,"6 PM - 12 AM"
58479,2024-02-21,22:20:42,2,3,Walk-In,73,300,Wednesday,"6 PM - 12 AM"
130498,2024-02-18,09:46:34,2,5,Walk-In,35,280,Sunday,"6 AM - 12 PM"
60272,2024-04-01,18:21:14,2,5,Walk-In,26,200,Monday,"6 PM - 12 AM"
85796,2024-05-29,11:48:46,2,3,Walk-In,38,240,Wednesday,"6 AM - 12 PM"
139335,2024-05-27,06:43:42,1,3,Walk-In,26,200,Monday,"6 AM - 12 PM"
14223,2024-06-21,13:46:34,1,5,Swiggy,118,360,Friday,"12 PM - 6 PM"
36124,2024-06-25,18:08:58,2,3,Walk-In,20,160,Tuesday,"6 PM - 12 AM"
51105,2024-06-06,11:58:23,2,5,Walk-In,88,240,Thursday,"6 AM - 12 PM"
142406,2024-03-28,15:14:57,2,3,Walk-In,25,240,Thursday,"12 PM - 6 PM"
46147,2024-02-15,18:15:46,1,3,Walk-In,3,260,Thursday,"6 PM - 12 AM"
70003,2024-02-18,21:22:50,1,8,Zomato,10,300,Sunday,"6 PM - 12 AM"
103411,2024-11-01,06:58:49,2,8,Walk-In,25,240,Friday,"6 AM - 12 PM"
134557,2024-08-05,23:09:27,2,8,Walk-In,26,200,Monday,"6 PM - 12 AM"
5271,2024-12-02,19:24:51,1,3,Walk-In,26,200,Monday,"6 PM - 12 AM"
46675,2024-06-29,19:43:57,2,3,Walk-In,26,200,Saturday,"6 PM - 12 AM"
56554,2024-05-14,19:59:12,2,3,Walk-In,25,240,Tuesday,"6 PM - 12 AM"
57786,2024-02-22,15:35:14,1,8,Walk-In,4,280,Thursday,"12 PM - 6 PM"
139384,2024-04-28,07:09:01,1,3,Swiggy,39,380,Sunday,"6 AM - 12 PM"
41227,2024-06-13,22:23:32,1,3,Walk-In,58,200,Thursday,"6 PM - 12 AM"
11860,2024-01-02,06:34:43,2,3,Walk-In,25,240,Tuesday,"6 AM - 12 PM"
40736,2024-01-06,21:28:47,1,3,Walk-In,88,240,Saturday,"6 PM - 12 AM"
11876,2024-05-14,09:38:49,2,3,Walk-In,26,200,Tuesday,"6 AM - 12 PM"
109569,2024-06-24,00:10:21,1,5,Zomato,25,320,Monday,"12 AM - 3 AM"
114512,2024-01-29,12:44:56,2,8,Walk-In,23,240,Monday,"12 PM - 6 PM"
20964,2024-03-04,11:24:14,2,3,Zomato,17,340,Monday,"6 AM - 12 PM"
55410,2024-05-27,14:33:48,2,3,Walk-In,53,160,Monday,"12 PM - 6 PM"
82289,2024-08-05,13:41:49,2,5,Zomato,25,320,Monday,"12 PM - 6 PM"
83447,2024-02-06,08:06:55,1,3,Walk-In,23,240,Tuesday,"6 AM - 12 PM"
109485,2024-02-16,16:24:20,1,5,Walk-In,26,200,Friday,"12 PM - 6 PM"
22908,2024-05-23,23:02:53,2,8,Zomato,16,300,Thursday,"6 PM - 12 AM"
96018,2024-06-29,13:27:21,1,8,Walk-In,11,196,Saturday,"12 PM - 6 PM"
118037,2024-05-06,14:17:42,2,3,Walk-In,76,204,Monday,"12 PM - 6 PM"
125774,2024-05-19,07:59:24,1,3,Walk-In,108,3600,Sunday,"6 AM - 12 PM"
129796,2024-03-21,17:48:01,1,5,Walk-In,25,240,Thursday,"12 PM - 6 PM"
33633,2024-01-27,23:20:43,2,8,Walk-In,76,204,Saturday,"6 PM - 12 AM"
40351,2024-01-03,23:21:08,2,8,Walk-In,43,240,Wednesday,"6 PM - 12 AM"
142603,2024-05-29,07:14:32,1,5,Walk-In,38,240,Wednesday,"6 AM - 12 PM"
146758,2024-02-16,16:53:48,1,5,Walk-In,26,200,Friday,"12 PM - 6 PM"
78634,2024-05-06,12:46:20,2,3,Walk-In,93,200,Monday,"12 PM - 6 PM"
91697,2024-05-21,06:22:15,1,3,Walk-In,21,240,Tuesday,"6 AM - 12 PM"
49356,2024-03-05,16:22:57,1,3,Zomato,17,340,Tuesday,"12 PM - 6 PM"
46837,2024-01-24,20:58:08,1,3,Walk-In,86,240,Wednesday,"6 PM - 12 AM"
70767,2024-05-24,06:03:03,1,5,Zomato,44,360,Friday,"6 AM - 12 PM"
92106,2024-03-14,11:52:49,1,3,Walk-In,6,300,Thursday,"6 AM - 12 PM"
112450,2024-08-06,21:26:53,2,3,Walk-In,26,200,Tuesday,"6 PM - 12 AM"
125593,2024-06-21,23:39:50,2,3,Walk-In,26,200,Friday,"6 PM - 12 AM"
47530,2024-01-01,02:59:19,2,3,Walk-In,25,240,Monday,"12 AM - 3 AM"
70585,2024-03-06,23:37:34,2,8,Swiggy,60,280,Wednesday,"6 PM - 12 AM"
21343,2024-05-04,13:59:35,1,5,Zomato,10,300,Saturday,"12 PM - 6 PM"
49064,2024-04-13,13:19:55,1,3,Walk-In,86,240,Saturday,"12 PM - 6 PM"
94862,2024-03-04,23:04:32,2,5,Zomato,44,360,Monday,"6 PM - 12 AM"
109930,2024-08-04,16:42:28,1,3,Zomato,13,300,Sunday,"12 PM - 6 PM"
126911,2024-06-15,11:09:12,1,8,Walk-In,73,300,Saturday,"6 AM - 12 PM"
134165,2024-02-16,22:26:10,1,3,Swiggy,39,380,Friday,"6 PM - 12 AM"
34057,2024-04-24,15:36:56,1,5,Swiggy,62,360,Wednesday,"12 PM - 6 PM"
53668,2024-06-26,14:23:23,2,3,Walk-In,59,200,Wednesday,"12 PM - 6 PM"
135531,2024-05-23,18:46:30,2,8,Walk-In,53,160,Thursday,"6 PM - 12 AM"
26776,2024-05-02,20:23:35,1,5,Zomato,13,300,Thursday,"6 PM - 12 AM"
38788,2024-06-18,09:07:34,1,5,Walk-In,25,240,Tuesday,"6 AM - 12 PM"
14722,2024-01-02,08:00:17,1,3,Walk-In,35,280,Tuesday,"6 AM - 12 PM"
81204,2024-06-28,09:46:19,1,5,Walk-In,4,240,Friday,"6 AM - 12 PM"
72539,2024-06-02,14:57:29,2,3,Walk-In,25,240,Sunday,"12 PM - 6 PM"
89194,2024-03-16,09:51:42,1,5,Zomato,44,360,Saturday,"6 AM - 12 PM"
52027,2024-01-28,21:44:50,2,5,Swiggy,47,280,Sunday,"6 PM - 12 AM"
129552,2024-01-20,17:16:17,2,3,Zomato,10,300,Saturday,"12 PM - 6 PM"
19089,2024-06-17,17:36:30,2,5,Walk-In,2,280,Monday,"12 PM - 6 PM"
21248,2024-03-25,16:21:50,1,3,Walk-In,26,200,Monday,"12 PM - 6 PM"
31712,2024-05-03,02:42:55,1,8,Walk-In,6,300,Friday,"12 AM - 3 AM"
80149,2024-06-19,13:57:48,2,5,Swiggy,60,280,Wednesday,"12 PM - 6 PM"
137445,2024-08-06,21:42:49,2,8,Walk-In,74,64,Tuesday,"6 PM - 12 AM"
17701,2024-05-14,08:08:27,1,3,Walk-In,24,240,Tuesday,"6 AM - 12 PM"
145915,2024-05-16,13:02:30,2,5,Walk-In,59,200,Thursday,"12 PM - 6 PM"
8418,2024-01-06,11:44:20,1,8,Zomato,44,360,Saturday,"6 AM - 12 PM"
1693,2024-04-25,20:51:20,1,5,Walk-In,35,280,Thursday,"6 PM - 12 AM"
63165,2024-01-06,19:34:30,2,5,Walk-In,58,200,Saturday,"6 PM - 12 AM"
81608,2024-05-23,17:13:43,1,3,Walk-In,24,240,Thursday,"12 PM - 6 PM"
111245,2024-06-16,15:43:41,2,5,Walk-In,43,240,Sunday,"12 PM - 6 PM"
125554,2024-06-04,23:51:46,1,3,Walk-In,5,260,Tuesday,"6 PM - 12 AM"
29222,2024-03-17,06:11:22,2,8,Swiggy,25,320,Sunday,"6 AM - 12 PM"
64255,2024-10-05,22:07:39,2,8,Walk-In,52,248,Saturday,"6 PM - 12 AM"
148678,2024-06-16,00:26:09,1,3,Walk-In,20,160,Sunday,"12 AM - 3 AM"
19797,2024-06-22,19:07:42,2,5,Walk-In,26,200,Saturday,"6 PM - 12 AM"
100283,2024-04-05,18:24:59,2,8,Walk-In,53,160,Friday,"6 PM - 12 AM"
108858,2024-06-16,18:23:24,2,5,Walk-In,22,200,Sunday,"6 PM - 12 AM"
134553,2024-05-25,09:30:45,1,8,Walk-In,71,716,Saturday,"6 AM - 12 PM"
105397,2024-04-25,21:51:43,2,8,Walk-In,25,240,Thursday,"6 PM - 12 AM"
20105,2024-06-05,21:13:03,2,5,Walk-In,93,200,Wednesday,"6 PM - 12 AM"
78667,2024-06-06,06:03:36,2,5,Swiggy,39,380,Thursday,"6 AM - 12 PM"
98325,2024-03-05,20:31:51,2,8,Walk-In,25,240,Tuesday,"6 PM - 12 AM"
11106,2024-09-05,17:47:57,2,5,Walk-In,12,240,Thursday,"12 PM - 6 PM"
82569,2024-05-14,21:20:31,1,8,Walk-In,66,248,Tuesday,"6 PM - 12 AM"
88324,2024-07-05,06:22:17,2,5,Zomato,10,300,Friday,"6 AM - 12 PM"
94612,2024-03-04,09:59:50,2,3,Walk-In,21,240,Monday,"6 AM - 12 PM"
107820,2024-06-25,01:24:16,2,3,Zomato,13,300,Tuesday,"12 AM - 3 AM"
134983,2024-03-18,23:17:00,2,5,Walk-In,100,64,Monday,"6 PM - 12 AM"
108638,2024-05-03,20:05:07,2,5,Walk-In,35,280,Friday,"6 PM - 12 AM"
5087,2024-02-03,06:53:04,1,3,Walk-In,8,300,Saturday,"6 AM - 12 PM"
23159,2024-01-16,10:04:06,1,3,Walk-In,2,280,Tuesday,"6 AM - 12 PM"
33137,2024-05-16,09:22:05,2,8,Walk-In,88,240,Thursday,"6 AM - 12 PM"
57391,2024-03-17,19:24:38,2,8,Zomato,25,320,Sunday,"6 PM - 12 AM"
72230,2024-04-22,13:46:44,1,5,Walk-In,25,240,Monday,"12 PM - 6 PM"
78270,2024-05-03,18:57:23,1,3,Walk-In,86,240,Friday,"6 PM - 12 AM"
113670,2024-03-21,08:18:14,2,8,Walk-In,66,248,Thursday,"6 AM - 12 PM"
9091,2024-05-19,18:16:23,1,8,Walk-In,25,240,Sunday,"6 PM - 12 AM"
94863,2024-05-01,12:12:15,1,8,Swiggy,118,360,Wednesday,"12 PM - 6 PM"
102865,2024-02-04,12:28:59,2,8,Walk-In,11,196,Sunday,"12 PM - 6 PM"
122557,2024-04-21,10:06:31,1,8,Walk-In,58,200,Sunday,"6 AM - 12 PM"
139841,2024-03-24,07:21:30,1,8,Swiggy,118,360,Sunday,"6 AM - 12 PM"
137488,2024-02-28,11:28:05,1,3,Walk-In,21,240,Wednesday,"6 AM - 12 PM"
11252,2024-04-02,17:10:17,1,3,Walk-In,12,240,Tuesday,"12 PM - 6 PM"
116911,2024-04-15,09:34:10,1,5,Walk-In,62,260,Monday,"6 AM - 12 PM"
8070,2024-02-05,06:18:34,1,8,Walk-In,68,280,Monday,"6 AM - 12 PM"
35081,2024-01-05,10:16:47,2,8,Walk-In,25,240,Friday,"6 AM - 12 PM"
45093,2024-06-20,12:42:56,1,3,Walk-In,111,1200,Thursday,"12 PM - 6 PM"
15621,2024-05-02,07:38:42,1,5,Walk-In,3,260,Thursday,"6 AM - 12 PM"
35664,2024-05-26,19:59:18,2,5,Zomato,17,340,Sunday,"6 PM - 12 AM"
72159,2024-06-14,13:09:39,2,5,Zomato,44,360,Friday,"12 PM - 6 PM"
91758,2024-05-20,21:28:46,2,3,Walk-In,26,200,Monday,"6 PM - 12 AM"
14613,2024-02-06,09:30:20,2,8,Walk-In,26,200,Tuesday,"6 AM - 12 PM"
92649,2024-12-06,17:13:10,2,8,Walk-In,23,240,Friday,"12 PM - 6 PM"
37183,2024-01-24,13:41:02,2,3,Walk-In,58,200,Wednesday,"12 PM - 6 PM"
135180,2024-02-25,19:55:10,1,8,Swiggy,47,280,Sunday,"6 PM - 12 AM"
266,2024-04-25,12:49:19,2,8,Walk-In,12,240,Thursday,"12 PM - 6 PM"
17594,2024-03-25,16:20:17,3,5,Walk-In,25,240,Monday,"12 PM - 6 PM"
87324,2024-01-01,13:17:39,2,5,Walk-In,43,168,Monday,"12 PM - 6 PM"
103670,2024-05-25,19:12:55,1,5,Walk-In,68,280,Saturday,"6 PM - 12 AM"
134975,2024-05-15,09:40:36,1,3,Walk-In,21,240,Wednesday,"6 AM - 12 PM"
5281,2024-06-24,13:58:20,1,8,Walk-In,26,200,Monday,"12 PM - 6 PM"
27009,2024-03-25,12:31:22,1,8,Zomato,101,760,Monday,"12 PM - 6 PM"
59351,2024-11-05,08:14:40,2,3,Walk-In,25,240,Tuesday,"6 AM - 12 PM"
143389,2024-05-13,00:13:27,1,5,Walk-In,62,260,Monday,"12 AM - 3 AM"
1284,2024-02-28,14:58:55,1,8,Walk-In,73,300,Wednesday,"12 PM - 6 PM"
83185,2024-12-05,21:11:09,2,8,Walk-In,93,200,Thursday,"6 PM - 12 AM"
130477,2024-10-06,23:34:33,1,5,Walk-In,26,200,Sunday,"6 PM - 12 AM"
144116,2024-06-23,08:50:47,1,3,Walk-In,26,200,Sunday,"6 AM - 12 PM"
20223,2024-06-24,14:15:51,1,5,Walk-In,38,240,Monday,"12 PM - 6 PM"
105093,2024-11-05,11:50:30,2,8,Walk-In,88,240,Tuesday,"6 AM - 12 PM"
117187,2024-06-25,22:25:17,2,5,Swiggy,39,380,Tuesday,"6 PM - 12 AM"
15186,2024-09-04,09:54:11,1,5,Walk-In,26,200,Wednesday,"6 AM - 12 PM"
85723,2024-12-06,12:09:49,1,8,Walk-In,54,64,Friday,"12 PM - 6 PM"
13035,2024-05-15,20:14:07,2,8,Zomato,10,300,Wednesday,"6 PM - 12 AM"
17129,2024-02-05,19:01:52,1,8,Walk-In,43,168,Monday,"6 PM - 12 AM"
21881,2024-06-05,09:58:46,1,8,Walk-In,18,176,Wednesday,"6 AM - 12 PM"
44982,2024-04-01,06:26:22,2,5,Zomato,13,300,Monday,"6 AM - 12 PM"
76476,2024-05-16,16:07:21,2,3,Swiggy,47,280,Thursday,"12 PM - 6 PM"
119122,2024-05-13,12:27:37,1,8,Walk-In,26,200,Monday,"12 PM - 6 PM"
15789,2024-01-24,12:34:28,2,5,Walk-In,63,64,Wednesday,"12 PM - 6 PM"
43535,2024-03-22,19:15:25,2,5,Walk-In,11,196,Friday,"6 PM - 12 AM"
109376,2024-05-05,10:39:13,2,3,Walk-In,18,176,Sunday,"6 AM - 12 PM"
30941,2024-11-02,07:27:59,1,5,Walk-In,62,260,Saturday,"6 AM - 12 PM"
69460,2024-05-29,16:40:39,2,3,Walk-In,11,196,Wednesday,"12 PM - 6 PM"
79712,2024-01-04,23:01:08,2,3,Swiggy,60,280,Thursday,"6 PM - 12 AM"
104625,2024-05-16,08:02:17,1,3,Walk-In,68,280,Thursday,"6 AM - 12 PM"
41281,2024-05-30,18:05:45,2,3,Walk-In,76,204,Thursday,"6 PM - 12 AM"
90698,2024-04-26,18:06:12,2,8,Walk-In,25,240,Friday,"6 PM - 12 AM"
131028,2024-05-14,21:39:22,1,3,Walk-In,45,176,Tuesday,"6 PM - 12 AM"
133522,2024-07-06,14:15:34,1,5,Walk-In,86,240,Saturday,"12 PM - 6 PM"
17996,2024-08-03,22:22:04,2,3,Walk-In,76,204,Saturday,"6 PM - 12 AM"
36546,2024-06-24,13:13:57,2,5,Walk-In,26,200,Monday,"12 PM - 6 PM"
68954,2024-05-16,07:53:24,1,5,Walk-In,86,240,Thursday,"6 AM - 12 PM"
98670,2024-07-05,12:31:37,1,5,Walk-In,86,240,Friday,"12 PM - 6 PM"
135292,2024-03-05,13:33:17,1,3,Walk-In,52,248,Tuesday,"12 PM - 6 PM"
23280,2024-02-13,15:06:23,1,5,Walk-In,8,300,Tuesday,"12 PM - 6 PM"
27510,2024-04-21,21:00:57,1,3,Walk-In,6,300,Sunday,"6 PM - 12 AM"
58210,2024-05-27,11:29:08,1,3,Walk-In,35,280,Monday,"6 AM - 12 PM"
96812,2024-01-28,07:12:42,2,5,Walk-In,26,200,Sunday,"6 AM - 12 PM"
115594,2024-02-25,15:42:27,1,8,Walk-In,58,200,Sunday,"12 PM - 6 PM"
34311,2024-03-03,15:31:04,1,5,Walk-In,21,240,Sunday,"12 PM - 6 PM"
76838,2024-08-04,01:10:40,1,5,Walk-In,38,240,Sunday,"12 AM - 3 AM"
31954,2024-03-18,16:13:59,2,8,Walk-In,26,200,Monday,"12 PM - 6 PM"
38639,2024-04-25,09:36:41,1,8,Walk-In,25,240,Thursday,"6 AM - 12 PM"
90594,2024-05-09,13:39:15,1,5,Walk-In,43,240,Thursday,"12 PM - 6 PM"
99289,2024-09-03,19:16:27,1,3,Walk-In,25,240,Tuesday,"6 PM - 12 AM"
132712,2024-04-27,02:38:06,1,8,Walk-In,6,300,Saturday,"12 AM - 3 AM"
49918,2024-02-26,02:31:31,1,5,Walk-In,5,260,Monday,"12 AM - 3 AM"
78432,2024-02-06,18:34:30,2,5,Zomato,16,300,Tuesday,"6 PM - 12 AM"
89524,2024-08-02,16:41:48,1,8,Walk-In,86,240,Friday,"12 PM - 6 PM"
135686,2024-01-03,00:30:12,2,5,Walk-In,25,240,Wednesday,"12 AM - 3 AM"
80310,2024-02-26,13:43:56,2,5,Walk-In,20,160,Monday,"12 PM - 6 PM"
122451,2024-06-30,15:38:50,1,8,Walk-In,18,176,Sunday,"12 PM - 6 PM"
112439,2024-10-06,17:27:56,1,3,Walk-In,26,200,Sunday,"12 PM - 6 PM"
143442,2024-06-03,11:37:50,2,3,Walk-In,59,200,Monday,"6 AM - 12 PM"
7467,2024-01-01,12:50:55,2,3,Zomato,44,360,Monday,"12 PM - 6 PM"
74028,2024-02-02,20:24:07,2,5,Walk-In,21,240,Friday,"6 PM - 12 AM"
131291,2024-06-05,21:15:35,2,3,Walk-In,38,240,Wednesday,"6 PM - 12 AM"
34538,2024-03-21,09:45:30,1,3,Walk-In,25,240,Thursday,"6 AM - 12 PM"
40993,2024-07-04,18:29:06,2,5,Walk-In,25,240,Thursday,"6 PM - 12 AM"
71683,2024-01-18,14:51:12,2,3,Zomato,14,340,Thursday,"12 PM - 6 PM"
112782,2024-04-06,09:50:30,2,5,Walk-In,11,196,Saturday,"6 AM - 12 PM"
121271,2024-02-14,23:18:38,1,8,Zomato,13,300,Wednesday,"6 PM - 12 AM"
42592,2024-05-26,21:09:37,1,8,Zomato,44,360,Sunday,"6 PM - 12 AM"
46018,2024-12-06,14:57:22,1,5,Walk-In,63,64,Friday,"12 PM - 6 PM"
32172,2024-02-20,19:43:41,1,3,Walk-In,2,280,Tuesday,"6 PM - 12 AM"
35863,2024-01-06,16:50:34,1,3,Walk-In,88,240,Saturday,"12 PM - 6 PM"
37535,2024-03-02,11:22:51,1,5,Walk-In,25,240,Saturday,"6 AM - 12 PM"
67692,2024-05-23,23:04:42,1,5,Walk-In,5,260,Thursday,"6 PM - 12 AM"
104388,2024-05-17,00:48:15,1,5,Zomato,14,340,Friday,"12 AM - 3 AM"
132250,2024-02-04,16:11:40,1,3,Walk-In,6,300,Sunday,"12 PM - 6 PM"
136025,2024-10-06,22:03:40,2,5,Walk-In,25,240,Sunday,"6 PM - 12 AM"
35887,2024-05-21,17:50:43,2,8,Walk-In,26,200,Tuesday,"12 PM - 6 PM"
82194,2024-05-22,21:18:41,1,3,Walk-In,59,200,Wednesday,"6 PM - 12 AM"
98300,2024-05-19,22:14:13,1,5,Walk-In,11,196,Sunday,"6 PM - 12 AM"
126307,2024-03-31,12:42:21,1,8,Walk-In,12,240,Sunday,"12 PM - 6 PM"
73069,2024-08-05,07:47:27,2,3,Walk-In,12,240,Monday,"6 AM - 12 PM"
54822,2024-03-27,18:00:07,2,8,Swiggy,39,380,Wednesday,"6 PM - 12 AM"
69430,2024-02-19,08:50:26,2,5,Walk-In,25,240,Monday,"6 AM - 12 PM"
103794,2024-06-23,14:48:37,2,5,Walk-In,25,240,Sunday,"12 PM - 6 PM"
106305,2024-03-02,17:03:43,2,8,Walk-In,21,240,Saturday,"12 PM - 6 PM"
126710,2024-05-02,06:17:54,1,3,Walk-In,53,160,Thursday,"6 AM - 12 PM"
139896,2024-10-02,14:07:29,1,8,Walk-In,18,176,Wednesday,"12 PM - 6 PM"
132369,2024-02-15,21:51:36,1,3,Walk-In,6,300,Thursday,"6 PM - 12 AM"
7732,2024-06-24,21:41:16,2,3,Swiggy,39,380,Monday,"6 PM - 12 AM"
31431,2024-01-30,07:41:12,1,5,Walk-In,35,280,Tuesday,"6 AM - 12 PM"
67685,2024-06-05,17:18:09,1,5,Walk-In,24,240,Wednesday,"12 PM - 6 PM"
88229,2024-03-25,15:12:13,1,5,Walk-In,43,168,Monday,"12 PM - 6 PM"
122148,2024-01-04,23:53:56,2,3,Walk-In,38,240,Thursday,"6 PM - 12 AM"
10210,2024-03-06,20:47:42,2,5,Walk-In,23,240,Wednesday,"6 PM - 12 AM"
21646,2024-10-06,16:24:12,2,3,Walk-In,76,204,Sunday,"12 PM - 6 PM"
31860,2024-01-30,18:48:14,1,8,Swiggy,47,280,Tuesday,"6 PM - 12 AM"
42002,2024-12-04,01:24:24,2,5,Walk-In,26,200,Wednesday,"12 AM - 3 AM"
54110,2024-05-28,20:39:48,1,5,Swiggy,118,360,Tuesday,"6 PM - 12 AM"
61376,2024-05-06,15:12:19,1,8,Walk-In,63,64,Monday,"12 PM - 6 PM"
68328,2024-05-05,07:33:13,2,3,Walk-In,66,248,Sunday,"6 AM - 12 PM"
134706,2024-04-18,00:11:28,1,8,Walk-In,26,200,Thursday,"12 AM - 3 AM"
9020,2024-05-13,21:51:54,1,3,Zomato,17,340,Monday,"6 PM - 12 AM"
16015,2024-05-26,12:26:27,2,8,Walk-In,53,160,Sunday,"12 PM - 6 PM"
37573,2024-04-03,19:31:40,1,3,Zomato,10,300,Wednesday,"6 PM - 12 AM"
61977,2024-07-05,20:35:12,1,3,Swiggy,47,280,Friday,"6 PM - 12 AM"
27487,2024-07-03,06:48:57,1,8,Walk-In,6,300,Wednesday,"6 AM - 12 PM"
41851,2024-06-24,07:52:53,1,8,Walk-In,18,176,Monday,"6 AM - 12 PM"
70340,2024-04-05,23:41:24,2,5,Walk-In,11,196,Friday,"6 PM - 12 AM"
77513,2024-01-25,06:17:27,2,8,Zomato,16,300,Thursday,"6 AM - 12 PM"
126345,2024-05-13,17:55:10,1,3,Walk-In,35,280,Monday,"12 PM - 6 PM"
115814,2024-01-03,18:31:03,1,3,Walk-In,66,248,Wednesday,"6 PM - 12 AM"
7964,2024-06-18,12:33:13,1,3,Zomato,44,360,Tuesday,"12 PM - 6 PM"
27683,2024-05-04,00:43:55,1,8,Walk-In,66,248,Saturday,"12 AM - 3 AM"
42517,2024-12-02,08:45:18,1,5,Walk-In,100,64,Monday,"6 AM - 12 PM"
419,2024-02-25,13:18:53,2,3,Swiggy,39,380,Sunday,"12 PM - 6 PM"
64356,2024-03-24,20:46:50,1,3,Walk-In,25,240,Sunday,"6 PM - 12 AM"
69653,2024-05-26,16:27:04,2,3,Walk-In,21,240,Sunday,"12 PM - 6 PM"
126938,2024-09-04,18:00:14,2,5,Walk-In,38,240,Wednesday,"6 PM - 12 AM"
8054,2024-02-06,19:32:51,2,8,Walk-In,73,300,Tuesday,"6 PM - 12 AM"
88322,2024-02-13,20:53:45,1,3,Walk-In,62,260,Tuesday,"6 PM - 12 AM"
91430,2024-05-01,11:42:42,2,3,Walk-In,12,240,Wednesday,"6 AM - 12 PM"
95772,2024-04-03,13:39:39,1,8,Walk-In,53,160,Wednesday,"12 PM - 6 PM"
32751,2024-08-06,19:03:07,2,8,Walk-In,26,200,Tuesday,"6 PM - 12 AM"
74455,2024-01-06,15:44:43,2,8,Walk-In,58,200,Saturday,"12 PM - 6 PM"
1677,2024-01-01,10:36:11,1,5,Walk-In,21,240,Monday,"6 AM - 12 PM"
15628,2024-03-03,23:39:49,2,3,Walk-In,63,64,Sunday,"6 PM - 12 AM"
34798,2024-10-04,11:46:49,2,8,Walk-In,26,200,Friday,"6 AM - 12 PM"
145707,2024-06-21,09:32:44,1,3,Walk-In,26,200,Friday,"6 AM - 12 PM"
28195,2024-03-27,20:33:47,1,8,Walk-In,53,160,Wednesday,"6 PM - 12 AM"
82869,2024-04-27,07:29:17,2,8,Zomato,44,360,Saturday,"6 AM - 12 PM"
114357,2024-04-01,21:12:15,1,3,Walk-In,86,240,Monday,"6 PM - 12 AM"
123923,2024-03-03,08:02:20,2,3,Walk-In,25,240,Sunday,"6 AM - 12 PM"
70356,2024-01-04,16:17:59,1,5,Walk-In,20,160,Thursday,"12 PM - 6 PM"
76333,2024-03-04,07:46:27,1,5,Walk-In,54,64,Monday,"6 AM - 12 PM"
80881,2024-02-24,23:06:12,2,5,Walk-In,23,240,Saturday,"6 PM - 12 AM"
91398,2024-04-28,13:43:26,2,8,Walk-In,35,280,Sunday,"12 PM - 6 PM"
127912,2024-06-28,23:56:26,1,8,Swiggy,118,360,Friday,"6 PM - 12 AM"
143403,2024-04-18,14:26:09,1,3,Walk-In,21,240,Thursday,"12 PM - 6 PM"
28208,2024-01-03,15:25:33,2,3,Walk-In,12,240,Wednesday,"12 PM - 6 PM"
11600,2024-04-24,21:28:56,1,5,Walk-In,5,260,Wednesday,"6 PM - 12 AM"
22619,2024-04-04,11:14:39,1,3,Swiggy,39,380,Thursday,"6 AM - 12 PM"
66538,2024-05-06,23:17:43,2,3,Swiggy,39,380,Monday,"6 PM - 12 AM"
85683,2024-01-30,18:19:41,1,3,Walk-In,6,300,Tuesday,"6 PM - 12 AM"
8652,2024-01-02,17:44:19,1,8,Walk-In,76,204,Tuesday,"12 PM - 6 PM"
20581,2024-08-05,20:13:12,2,5,Walk-In,88,240,Monday,"6 PM - 12 AM"
64227,2024-04-05,14:44:32,2,3,Walk-In,25,240,Friday,"12 PM - 6 PM"
76281,2024-03-06,12:24:20,1,5,Walk-In,6,300,Wednesday,"12 PM - 6 PM"
98809,2024-06-05,14:36:14,1,5,Walk-In,2,280,Wednesday,"12 PM - 6 PM"
99788,2024-09-05,15:19:44,2,3,Zomato,14,340,Thursday,"12 PM - 6 PM"
85730,2024-01-18,07:02:08,2,8,Walk-In,12,240,Thursday,"6 AM - 12 PM"
100164,2024-06-01,20:44:53,1,3,Walk-In,26,200,Saturday,"6 PM - 12 AM"
113225,2024-06-01,06:30:11,1,3,Swiggy,60,280,Saturday,"6 AM - 12 PM"
13508,2024-04-25,11:17:03,1,3,Walk-In,25,240,Thursday,"6 AM - 12 PM"
71730,2024-04-16,13:02:44,2,5,Walk-In,100,64,Tuesday,"12 PM - 6 PM"
80314,2024-04-26,17:31:00,2,8,Walk-In,53,160,Friday,"12 PM - 6 PM"
84146,2024-05-21,00:07:31,1,3,Walk-In,22,200,Tuesday,"12 AM - 3 AM"
87519,2024-04-28,06:12:18,1,3,Walk-In,26,200,Sunday,"6 AM - 12 PM"
124376,2024-01-05,17:30:12,1,3,Zomato,17,340,Friday,"12 PM - 6 PM"
24683,2024-10-03,07:53:29,1,8,Walk-In,66,248,Thursday,"6 AM - 12 PM"
34430,2024-01-15,17:12:27,2,3,Swiggy,60,280,Monday,"12 PM - 6 PM"
27419,2024-02-25,14:59:23,1,8,Walk-In,38,240,Sunday,"12 PM - 6 PM"
68150,2024-04-03,21:42:07,2,3,Walk-In,24,240,Wednesday,"6 PM - 12 AM"
79668,2024-05-05,11:53:06,2,3,Walk-In,26,200,Sunday,"6 AM - 12 PM"
97376,2024-01-24,16:03:09,2,3,Walk-In,76,204,Wednesday,"12 PM - 6 PM"
99014,2024-01-18,19:35:36,2,3,Swiggy,47,280,Thursday,"6 PM - 12 AM"
130134,2024-03-31,10:58:14,1,8,Swiggy,60,280,Sunday,"6 AM - 12 PM"
138528,2024-06-05,15:18:26,2,8,Zomato,17,340,Wednesday,"12 PM - 6 PM"
147855,2024-03-15,21:19:51,1,8,Walk-In,2,280,Friday,"6 PM - 12 AM"
68570,2024-03-25,18:31:07,1,3,Walk-In,24,240,Monday,"6 PM - 12 AM"
124067,2024-03-27,21:55:40,1,8,Walk-In,66,248,Wednesday,"6 PM - 12 AM"
104764,2024-02-04,12:00:13,1,5,Swiggy,118,360,Sunday,"12 PM - 6 PM"
143562,2024-05-24,06:21:48,2,3,Walk-In,38,240,Friday,"6 AM - 12 PM"
4179,2024-08-03,10:44:33,2,5,Walk-In,93,200,Saturday,"6 AM - 12 PM"
25122,2024-06-29,07:38:49,1,5,Walk-In,25,240,Saturday,"6 AM - 12 PM"
35706,2024-04-29,06:56:19,1,5,Walk-In,24,240,Monday,"6 AM - 12 PM"
63983,2024-03-21,11:52:18,3,5,Zomato,10,300,Thursday,"6 AM - 12 PM"
79953,2024-05-01,07:56:11,2,3,Walk-In,73,300,Wednesday,"6 AM - 12 PM"
111762,2024-03-22,20:05:30,1,5,Swiggy,109,740,Friday,"6 PM - 12 AM"
125974,2024-06-27,09:08:21,1,3,Swiggy,118,360,Thursday,"6 AM - 12 PM"
132678,2024-01-05,15:53:56,1,8,Walk-In,25,240,Friday,"12 PM - 6 PM"
115466,2024-03-19,18:04:14,1,3,Walk-In,38,240,Tuesday,"6 PM - 12 AM"
149281,2024-03-01,16:06:14,2,5,Zomato,44,360,Friday,"12 PM - 6 PM"
54331,2024-03-30,06:14:29,2,3,Walk-In,26,200,Saturday,"6 AM - 12 PM"
74706,2024-02-24,01:17:14,2,3,Walk-In,23,240,Saturday,"12 AM - 3 AM"
79704,2024-02-24,23:34:18,1,3,Zomato,44,360,Saturday,"6 PM - 12 AM"
105935,2024-10-04,20:01:58,2,3,Walk-In,58,200,Friday,"6 PM - 12 AM"
127803,2024-02-27,12:06:26,3,5,Walk-In,38,240,Tuesday,"12 PM - 6 PM"
42604,2024-05-26,15:42:15,2,5,Walk-In,12,240,Sunday,"12 PM - 6 PM"
71307,2024-01-05,09:26:47,1,3,Walk-In,20,160,Friday,"6 AM - 12 PM"
120578,2024-06-20,23:56:53,1,3,Walk-In,26,200,Thursday,"6 PM - 12 AM"
122854,2024-09-04,07:08:01,1,5,Walk-In,25,240,Wednesday,"6 AM - 12 PM"
81510,2024-06-22,23:47:24,2,3,Walk-In,53,160,Saturday,"6 PM - 12 AM"
31760,2024-04-22,20:22:50,1,3,Walk-In,4,240,Monday,"6 PM - 12 AM"
43549,2024-04-02,18:19:03,2,8,Walk-In,58,200,Tuesday,"6 PM - 12 AM"
6604,2024-04-01,23:59:46,1,5,Zomato,13,300,Monday,"6 PM - 12 AM"
14669,2024-02-01,20:57:04,1,8,Swiggy,47,280,Thursday,"6 PM - 12 AM"
47083,2024-02-24,17:52:31,1,3,Walk-In,53,160,Saturday,"12 PM - 6 PM"
107498,2024-03-13,19:49:51,2,3,Walk-In,53,160,Wednesday,"6 PM - 12 AM"
110407,2024-02-28,17:39:31,2,8,Zomato,16,300,Wednesday,"12 PM - 6 PM"
32995,2024-03-25,06:57:00,3,5,Walk-In,58,200,Monday,"6 AM - 12 PM"
110319,2024-05-18,18:41:48,1,8,Swiggy,47,280,Saturday,"6 PM - 12 AM"
965,2024-11-03,09:00:42,2,5,Walk-In,45,176,Sunday,"6 AM - 12 PM"
122259,2024-04-30,20:51:37,2,3,Zomato,10,300,Tuesday,"6 PM - 12 AM"
144750,2024-01-02,07:28:30,2,8,Walk-In,100,64,Tuesday,"6 AM - 12 PM"
35159,2024-12-06,20:13:00,2,5,Walk-In,25,240,Friday,"6 PM - 12 AM"
129285,2024-06-05,21:31:53,1,3,Walk-In,5,260,Wednesday,"6 PM - 12 AM"
8874,2024-04-26,16:49:46,2,5,Walk-In,22,200,Friday,"12 PM - 6 PM"
84036,2024-01-06,09:56:55,1,3,Walk-In,62,260,Saturday,"6 AM - 12 PM"
106587,2024-12-02,06:28:57,2,3,Walk-In,66,248,Monday,"6 AM - 12 PM"
36778,2024-06-27,00:48:12,1,5,Walk-In,116,1680,Thursday,"12 AM - 3 AM"
87393,2024-10-03,12:56:10,1,8,Zomato,25,320,Thursday,"12 PM - 6 PM"
104446,2024-02-19,19:53:44,1,3,Walk-In,93,200,Monday,"6 PM - 12 AM"
2934,2024-04-30,20:15:54,1,8,Walk-In,66,248,Tuesday,"6 PM - 12 AM"
50464,2024-04-19,16:36:20,1,3,Walk-In,5,260,Friday,"12 PM - 6 PM"
101709,2024-02-16,12:47:59,2,3,Walk-In,93,200,Friday,"12 PM - 6 PM"
106145,2024-01-26,14:04:41,1,8,Walk-In,26,200,Friday,"12 PM - 6 PM"
46742,2024-07-02,15:18:37,1,8,Walk-In,25,240,Tuesday,"12 PM - 6 PM"
103863,2024-09-03,11:42:37,1,3,Zomato,44,360,Tuesday,"6 AM - 12 PM"
112732,2024-06-04,19:28:13,1,8,Walk-In,4,240,Tuesday,"6 PM - 12 AM"
17044,2024-06-05,07:21:31,1,3,Walk-In,52,248,Wednesday,"6 AM - 12 PM"
25784,2024-08-05,15:05:52,1,5,Walk-In,25,240,Monday,"12 PM - 6 PM"
42142,2024-01-02,14:23:14,2,8,Walk-In,45,176,Tuesday,"12 PM - 6 PM"
69110,2024-03-04,09:27:40,1,3,Walk-In,23,240,Monday,"6 AM - 12 PM"
89937,2024-05-06,18:42:23,2,5,Walk-In,26,200,Monday,"6 PM - 12 AM"
108736,2024-11-05,15:23:35,2,8,Swiggy,47,280,Tuesday,"12 PM - 6 PM"
2847,2024-01-04,13:36:49,1,3,Walk-In,26,200,Thursday,"12 PM - 6 PM"
119709,2024-06-01,07:29:36,2,8,Zomato,16,300,Saturday,"6 AM - 12 PM"
8954,2024-02-06,18:45:59,2,8,Swiggy,25,320,Tuesday,"6 PM - 12 AM"
44716,2024-03-19,08:56:32,1,8,Walk-In,26,200,Tuesday,"6 AM - 12 PM"
128223,2024-06-22,14:34:25,1,5,Zomato,25,320,Saturday,"12 PM - 6 PM"
16148,2024-05-28,11:50:29,2,8,Walk-In,26,200,Tuesday,"6 AM - 12 PM"
37271,2024-01-04,16:13:15,2,5,Walk-In,4,280,Thursday,"12 PM - 6 PM"
40424,2024-01-02,22:11:33,1,5,Zomato,10,300,Tuesday,"6 PM - 12 AM"
75327,2024-05-30,21:57:17,2,8,Walk-In,43,168,Thursday,"6 PM - 12 AM"
84504,2024-04-25,09:18:07,1,3,Walk-In,73,300,Thursday,"6 AM - 12 PM"
126839,2024-02-05,06:57:02,3,5,Walk-In,25,240,Monday,"6 AM - 12 PM"
14960,2024-12-06,16:26:44,2,5,Zomato,14,340,Friday,"12 PM - 6 PM"
23527,2024-10-03,19:30:54,1,3,Walk-In,26,200,Thursday,"6 PM - 12 AM"
60593,2024-05-15,09:32:19,1,3,Walk-In,25,240,Wednesday,"6 AM - 12 PM"
64592,2024-10-05,15:41:23,2,8,Walk-In,26,200,Saturday,"12 PM - 6 PM"
91936,2024-06-25,18:16:02,2,8,Walk-In,11,196,Tuesday,"6 PM - 12 AM"
96475,2024-06-24,06:24:14,1,5,Walk-In,82,1440,Monday,"6 AM - 12 PM"
130163,2024-04-18,17:25:52,1,3,Zomato,17,340,Thursday,"12 PM - 6 PM"
136368,2024-01-04,13:52:06,1,5,Walk-In,4,280,Thursday,"12 PM - 6 PM"
12206,2024-06-28,17:15:26,1,3,Swiggy,109,740,Friday,"12 PM - 6 PM"
124125,2024-10-04,14:09:01,1,5,Walk-In,6,300,Friday,"12 PM - 6 PM"
13380,2024-06-04,16:25:11,1,3,Walk-In,8,300,Tuesday,"12 PM - 6 PM"
16095,2024-04-03,22:02:20,2,3,Walk-In,59,200,Wednesday,"6 PM - 12 AM"
68563,2024-01-05,12:10:22,2,8,Walk-In,20,160,Friday,"12 PM - 6 PM"
109996,2024-09-05,14:00:02,1,3,Walk-In,35,280,Thursday,"12 PM - 6 PM"
36681,2024-04-18,23:05:05,1,3,Walk-In,104,716,Thursday,"6 PM - 12 AM"
91942,2024-05-01,22:02:51,2,3,Walk-In,26,200,Wednesday,"6 PM - 12 AM"
149298,2024-03-04,17:58:04,2,3,Walk-In,86,240,Monday,"12 PM - 6 PM"
112926,2024-02-04,07:46:36,2,3,Walk-In,11,196,Sunday,"6 AM - 12 PM"
47009,2024-01-30,16:25:11,3,5,Walk-In,11,196,Tuesday,"12 PM - 6 PM"
97721,2024-01-13,20:01:10,2,5,Walk-In,63,64,Saturday,"6 PM - 12 AM"
133571,2024-01-05,11:02:24,1,3,Walk-In,20,160,Friday,"6 AM - 12 PM"
44493,2024-03-21,17:24:55,1,8,Walk-In,59,200,Thursday,"12 PM - 6 PM"
62437,2024-02-01,02:20:21,2,5,Walk-In,25,240,Thursday,"12 AM - 3 AM"
8711,2024-02-02,18:05:07,2,8,Walk-In,52,248,Friday,"6 PM - 12 AM"
89627,2024-03-05,13:23:05,2,3,Walk-In,26,200,Tuesday,"12 PM - 6 PM"
9613,2024-03-06,20:17:49,1,5,Walk-In,86,240,Wednesday,"6 PM - 12 AM"
130718,2024-01-23,18:37:09,1,8,Walk-In,38,240,Tuesday,"6 PM - 12 AM"
40254,2024-01-06,17:41:14,1,8,Walk-In,53,160,Saturday,"12 PM - 6 PM"
58863,2024-02-17,23:35:06,1,5,Walk-In,26,200,Saturday,"6 PM - 12 AM"
75478,2024-04-13,18:26:02,1,8,Walk-In,58,200,Saturday,"6 PM - 12 AM"
86294,2024-01-05,21:07:45,2,3,Walk-In,21,240,Friday,"6 PM - 12 AM"
112308,2024-06-17,19:25:46,1,8,Walk-In,25,240,Monday,"6 PM - 12 AM"
115750,2024-05-13,13:41:06,2,8,Walk-In,25,240,Monday,"12 PM - 6 PM"
136380,2024-02-01,00:34:45,1,8,Walk-In,86,240,Thursday,"12 AM - 3 AM"
51817,2024-06-03,16:06:57,1,8,Walk-In,25,240,Monday,"12 PM - 6 PM"
1783,2024-07-05,21:27:34,2,8,Walk-In,93,200,Friday,"6 PM - 12 AM"
44706,2024-05-22,15:12:30,1,3,Zomato,44,360,Wednesday,"12 PM - 6 PM"
44972,2024-12-02,17:50:19,1,8,Walk-In,5,260,Monday,"12 PM - 6 PM"
88803,2024-03-05,22:27:49,1,5,Walk-In,2,280,Tuesday,"6 PM - 12 AM"
107864,2024-04-06,08:47:17,2,3,Walk-In,76,204,Saturday,"6 AM - 12 PM"
88395,2024-04-26,15:32:49,2,8,Walk-In,25,240,Friday,"12 PM - 6 PM"
148989,2024-03-25,21:19:08,3,5,Walk-In,59,200,Monday,"6 PM - 12 AM"
10896,2024-06-28,20:32:53,1,3,Walk-In,103,1680,Friday,"6 PM - 12 AM"
34870,2024-04-06,07:11:10,2,8,Walk-In,25,240,Saturday,"6 AM - 12 PM"
35212,2024-06-18,21:12:34,1,8,Walk-In,73,300,Tuesday,"6 PM - 12 AM"
149340,2024-06-05,19:12:18,2,3,Walk-In,20,160,Wednesday,"6 PM - 12 AM"
13897,2024-06-01,22:47:59,1,3,Walk-In,68,280,Saturday,"6 PM - 12 AM"
39295,2024-03-04,10:14:43,2,8,Walk-In,73,300,Monday,"6 AM - 12 PM"
101720,2024-12-06,14:48:02,2,3,Walk-In,25,240,Friday,"12 PM - 6 PM"
117000,2024-04-16,22:40:09,2,3,Walk-In,93,200,Tuesday,"6 PM - 12 AM"
125819,2024-04-30,23:45:28,2,8,Walk-In,45,176,Tuesday,"6 PM - 12 AM"
129878,2024-01-23,19:21:06,1,3,Walk-In,22,200,Tuesday,"6 PM - 12 AM"
137023,2024-10-06,11:49:35,1,5,Walk-In,100,64,Sunday,"6 AM - 12 PM"
1461,2024-02-23,16:58:57,1,3,Walk-In,25,240,Friday,"12 PM - 6 PM"
8008,2024-03-29,11:29:12,2,3,Walk-In,73,300,Friday,"6 AM - 12 PM"
114333,2024-05-30,19:36:48,2,3,Walk-In,25,240,Thursday,"6 PM - 12 AM"
29747,2024-12-03,02:38:53,2,3,Walk-In,25,240,Tuesday,"12 AM - 3 AM"
38294,2024-11-03,16:15:25,1,3,Zomato,16,300,Sunday,"12 PM - 6 PM"
126057,2024-08-04,16:08:19,1,3,Walk-In,11,196,Sunday,"12 PM - 6 PM"
16774,2024-06-29,23:38:04,1,3,Walk-In,18,176,Saturday,"6 PM - 12 AM"
67052,2024-09-02,21:30:29,2,5,Walk-In,24,240,Monday,"6 PM - 12 AM"
109589,2024-11-01,22:12:41,1,8,Walk-In,53,160,Friday,"6 PM - 12 AM"
1689,2024-02-19,16:33:08,1,3,Walk-In,25,240,Monday,"12 PM - 6 PM"
12810,2024-04-26,19:18:22,1,5,Walk-In,43,168,Friday,"6 PM - 12 AM"
31398,2024-04-06,21:55:31,2,5,Walk-In,76,204,Saturday,"6 PM - 12 AM"
36942,2024-06-26,06:02:34,2,5,Zomato,14,340,Wednesday,"6 AM - 12 PM"
66494,2024-06-03,22:53:24,1,3,Zomato,10,300,Monday,"6 PM - 12 AM"
144912,2024-03-19,08:31:44,1,3,Walk-In,20,160,Tuesday,"6 AM - 12 PM"
42351,2024-11-03,22:57:50,1,3,Walk-In,38,240,Sunday,"6 PM - 12 AM"
54735,2024-05-25,01:12:19,2,3,Walk-In,73,300,Saturday,"12 AM - 3 AM"
77910,2024-05-15,18:16:32,1,3,Walk-In,4,240,Wednesday,"6 PM - 12 AM"
79045,2024-04-29,14:22:20,1,5,Walk-In,5,212,Monday,"12 PM - 6 PM"
24577,2024-05-17,15:14:22,2,3,Walk-In,12,240,Friday,"12 PM - 6 PM"
32444,2024-03-06,13:26:58,1,3,Walk-In,93,200,Wednesday,"12 PM - 6 PM"
37794,2024-03-01,18:28:38,1,8,Walk-In,86,240,Friday,"6 PM - 12 AM"
73833,2024-02-04,23:07:21,2,5,Walk-In,35,280,Sunday,"6 PM - 12 AM"
75866,2024-10-05,12:53:13,1,8,Walk-In,54,64,Saturday,"12 PM - 6 PM"
81681,2024-06-06,18:04:33,2,8,Walk-In,25,240,Thursday,"6 PM - 12 AM"
118002,2024-01-27,15:08:54,1,3,Walk-In,38,240,Saturday,"12 PM - 6 PM"
122269,2024-05-23,16:24:08,1,8,Walk-In,24,240,Thursday,"12 PM - 6 PM"
146366,2024-05-04,08:44:41,1,3,Walk-In,26,200,Saturday,"6 AM - 12 PM"
148019,2024-05-18,20:46:43,1,8,Walk-In,18,176,Saturday,"6 PM - 12 AM"
101667,2024-07-04,17:51:39,1,5,Zomato,10,300,Thursday,"12 PM - 6 PM"
24913,2024-03-05,19:32:57,1,3,Walk-In,22,200,Tuesday,"6 PM - 12 AM"
39309,2024-12-06,17:25:40,2,5,Swiggy,25,320,Friday,"12 PM - 6 PM"
54678,2024-07-05,17:05:32,1,5,Walk-In,6,300,Friday,"12 PM - 6 PM"
83614,2024-12-03,11:44:07,1,5,Walk-In,8,300,Tuesday,"6 AM - 12 PM"
56885,2024-06-27,10:13:23,3,5,Walk-In,86,240,Thursday,"6 AM - 12 PM"
76571,2024-03-31,08:58:44,2,3,Walk-In,74,64,Sunday,"6 AM - 12 PM"
78655,2024-10-05,15:40:44,1,3,Zomato,16,300,Saturday,"12 PM - 6 PM"
64764,2024-07-03,15:13:37,2,8,Walk-In,86,240,Wednesday,"12 PM - 6 PM"
108257,2024-08-04,23:28:53,1,5,Walk-In,88,240,Sunday,"6 PM - 12 AM"
140515,2024-04-16,08:40:11,2,3,Walk-In,11,196,Tuesday,"6 AM - 12 PM"
148557,2024-08-04,12:12:55,2,8,Walk-In,82,1440,Sunday,"12 PM - 6 PM"
66587,2024-06-26,08:00:54,2,3,Walk-In,26,200,Wednesday,"6 AM - 12 PM"
90325,2024-03-29,20:34:38,1,8,Swiggy,39,380,Friday,"6 PM - 12 AM"
22426,2024-05-29,11:48:45,2,8,Walk-In,22,200,Wednesday,"6 AM - 12 PM"
65450,2024-05-24,14:06:05,1,3,Zomato,17,340,Friday,"12 PM - 6 PM"
31173,2024-04-16,22:15:26,1,8,Zomato,44,360,Tuesday,"6 PM - 12 AM"
33887,2024-11-02,11:23:32,2,5,Walk-In,74,64,Saturday,"6 AM - 12 PM"
64929,2024-05-28,06:22:47,2,8,Zomato,10,300,Tuesday,"6 AM - 12 PM"
86752,2024-05-21,19:13:16,3,5,Zomato,14,340,Tuesday,"6 PM - 12 AM"
54235,2024-03-01,14:58:50,1,5,Walk-In,6,300,Friday,"12 PM - 6 PM"
111619,2024-01-05,21:54:22,1,3,Zomato,13,300,Friday,"6 PM - 12 AM"
112152,2024-02-19,06:24:53,1,3,Walk-In,26,200,Monday,"6 AM - 12 PM"
113604,2024-02-04,17:09:31,1,3,Walk-In,22,200,Sunday,"12 PM - 6 PM"
53639,2024-03-06,06:46:49,2,8,Walk-In,25,240,Wednesday,"6 AM - 12 PM"
141358,2024-12-04,06:47:29,2,3,Walk-In,18,176,Wednesday,"6 AM - 12 PM"
147379,2024-01-21,12:28:13,1,3,Zomato,10,300,Sunday,"12 PM - 6 PM"
14314,2024-03-17,11:15:52,2,5,Walk-In,18,176,Sunday,"6 AM - 12 PM"
103068,2024-01-17,00:42:22,1,3,Walk-In,25,240,Wednesday,"12 AM - 3 AM"
147205,2024-02-26,19:24:23,2,3,Walk-In,88,240,Monday,"6 PM - 12 AM"
30541,2024-04-26,00:29:07,2,3,Zomato,44,360,Friday,"12 AM - 3 AM"
37396,2024-05-29,09:25:48,1,3,Walk-In,21,240,Wednesday,"6 AM - 12 PM"
136937,2024-06-28,06:07:54,2,3,Swiggy,47,280,Friday,"6 AM - 12 PM"
65636,2024-04-17,21:08:19,2,3,Walk-In,38,240,Wednesday,"6 PM - 12 AM"
2595,2024-04-03,19:54:04,1,3,Walk-In,24,240,Wednesday,"6 PM - 12 AM"
2627,2024-06-03,23:08:53,2,8,Walk-In,35,280,Monday,"6 PM - 12 AM"
44257,2024-11-01,09:24:30,2,8,Zomato,14,340,Friday,"6 AM - 12 PM"
64590,2024-01-22,14:08:16,1,8,Walk-In,26,200,Monday,"12 PM - 6 PM"
47564,2024-02-14,12:43:49,2,5,Walk-In,24,240,Wednesday,"12 PM - 6 PM"
80135,2024-03-26,14:22:35,1,8,Walk-In,4,240,Tuesday,"12 PM - 6 PM"
34327,2024-04-05,15:42:47,1,3,Zomato,17,340,Friday,"12 PM - 6 PM"
38523,2024-01-01,07:59:01,1,5,Walk-In,25,240,Monday,"6 AM - 12 PM"
132645,2024-10-01,08:15:17,2,3,Walk-In,26,200,Tuesday,"6 AM - 12 PM"
15799,2024-05-20,20:10:13,1,3,Walk-In,58,200,Monday,"6 PM - 12 AM"
73256,2024-01-13,19:07:40,2,3,Zomato,14,340,Saturday,"6 PM - 12 AM"
107462,2024-02-05,15:45:11,2,8,Zomato,17,340,Monday,"12 PM - 6 PM"
34225,2024-06-18,13:16:13,1,3,Walk-In,73,300,Tuesday,"12 PM - 6 PM"
39413,2024-01-25,06:39:03,1,3,Walk-In,25,240,Thursday,"6 AM - 12 PM"
123864,2024-10-03,15:22:00,1,3,Zomato,10,300,Thursday,"12 PM - 6 PM"
16676,2024-06-17,17:41:17,1,8,Walk-In,25,240,Monday,"12 PM - 6 PM"
17054,2024-10-05,21:16:09,1,5,Swiggy,39,380,Saturday,"6 PM - 12 AM"
31218,2024-06-20,21:03:50,1,5,Walk-In,26,200,Thursday,"6 PM - 12 AM"
96751,2024-06-23,06:24:02,2,3,Walk-In,93,200,Sunday,"6 AM - 12 PM"
6327,2024-05-01,13:08:37,1,5,Walk-In,25,240,Wednesday,"12 PM - 6 PM"
17393,2024-06-13,12:16:39,1,3,Walk-In,20,160,Thursday,"12 PM - 6 PM"
51065,2024-03-05,07:42:21,1,8,Walk-In,63,64,Tuesday,"6 AM - 12 PM"
51258,2024-06-02,14:48:07,1,5,Zomato,10,300,Sunday,"12 PM - 6 PM"
54682,2024-11-04,21:50:13,1,3,Walk-In,4,240,Monday,"6 PM - 12 AM"
2392,2024-05-26,17:03:39,1,3,Zomato,44,360,Sunday,"12 PM - 6 PM"
26339,2024-06-05,18:19:13,2,3,Walk-In,2,280,Wednesday,"6 PM - 12 AM"
61442,2024-06-28,13:52:55,2,8,Walk-In,66,248,Friday,"12 PM - 6 PM"
69931,2024-06-04,09:45:21,2,3,Zomato,44,360,Tuesday,"6 AM - 12 PM"
99409,2024-10-05,12:43:57,2,5,Walk-In,53,160,Saturday,"12 PM - 6 PM"
22770,2024-10-05,21:43:17,2,5,Walk-In,93,200,Saturday,"6 PM - 12 AM"
58139,2024-02-06,13:29:56,2,8,Walk-In,21,240,Tuesday,"12 PM - 6 PM"
72562,2024-03-01,10:55:32,1,5,Walk-In,23,240,Friday,"6 AM - 12 PM"
148145,2024-04-29,13:45:39,1,5,Walk-In,76,204,Monday,"12 PM - 6 PM"
20387,2024-04-04,16:17:04,1,3,Walk-In,22,200,Thursday,"12 PM - 6 PM"
32336,2024-02-01,17:28:12,2,5,Swiggy,39,380,Thursday,"12 PM - 6 PM"
14871,2024-04-22,13:48:30,2,8,Walk-In,63,64,Monday,"12 PM - 6 PM"
69195,2024-02-20,17:33:50,1,3,Walk-In,26,200,Tuesday,"12 PM - 6 PM"
117314,2024-05-26,23:31:26,2,3,Walk-In,66,248,Sunday,"6 PM - 12 AM"
35360,2024-05-22,15:06:47,1,3,Zomato,10,300,Wednesday,"12 PM - 6 PM"
87125,2024-03-21,14:39:34,1,3,Walk-In,54,64,Thursday,"12 PM - 6 PM"
45917,2024-05-18,16:19:06,1,3,Swiggy,118,360,Saturday,"12 PM - 6 PM"
52224,2024-03-26,14:20:04,1,3,Walk-In,25,240,Tuesday,"12 PM - 6 PM"
61068,2024-06-28,14:12:58,1,3,Walk-In,25,240,Friday,"12 PM - 6 PM"
93374,2024-05-04,08:47:25,1,3,Walk-In,11,196,Saturday,"6 AM - 12 PM"
126680,2024-11-03,21:10:13,2,8,Walk-In,74,64,Sunday,"6 PM - 12 AM"
133222,2024-02-02,13:39:43,2,3,Walk-In,11,196,Friday,"12 PM - 6 PM"
8707,2024-05-15,14:47:05,2,5,Zomato,44,360,Wednesday,"12 PM - 6 PM"
35367,2024-12-05,16:49:47,1,5,Walk-In,3,260,Thursday,"12 PM - 6 PM"
68249,2024-01-22,14:09:13,1,3,Swiggy,60,280,Monday,"12 PM - 6 PM"
114623,2024-10-04,20:00:24,2,8,Walk-In,66,248,Friday,"6 PM - 12 AM"
59310,2024-03-06,11:56:50,2,3,Walk-In,26,200,Wednesday,"6 AM - 12 PM"
94928,2024-03-27,09:22:22,2,3,Walk-In,26,200,Wednesday,"6 AM - 12 PM"
143745,2024-08-06,12:27:44,2,5,Walk-In,20,160,Tuesday,"12 PM - 6 PM"
22693,2024-12-05,15:14:59,2,5,Walk-In,26,200,Thursday,"12 PM - 6 PM"
64831,2024-05-14,09:18:32,1,8,Walk-In,26,200,Tuesday,"6 AM - 12 PM"
90103,2024-02-05,15:54:41,1,5,Zomato,25,320,Monday,"12 PM - 6 PM"
96289,2024-12-06,07:36:10,2,5,Walk-In,66,248,Friday,"6 AM - 12 PM"
141723,2024-06-30,06:27:33,2,8,Walk-In,74,64,Sunday,"6 AM - 12 PM"
23172,2024-12-06,14:57:51,2,5,Walk-In,45,176,Friday,"12 PM - 6 PM"
81809,2024-01-01,06:11:11,2,8,Walk-In,18,176,Monday,"6 AM - 12 PM"
29641,2024-02-05,17:36:48,1,3,Walk-In,6,300,Monday,"12 PM - 6 PM"
44718,2024-11-01,12:08:16,2,3,Walk-In,45,176,Friday,"12 PM - 6 PM"
91316,2024-05-27,15:05:00,1,8,Walk-In,4,280,Monday,"12 PM - 6 PM"
110616,2024-06-02,11:04:00,2,5,Walk-In,11,196,Sunday,"6 AM - 12 PM"
121356,2024-02-13,16:38:27,1,3,Walk-In,93,200,Tuesday,"12 PM - 6 PM"
91830,2024-09-05,06:02:06,1,3,Zomato,13,300,Thursday,"6 AM - 12 PM"
105222,2024-04-06,19:28:06,1,3,Zomato,44,360,Saturday,"6 PM - 12 AM"
3186,2024-06-15,17:50:05,1,3,Walk-In,35,280,Saturday,"12 PM - 6 PM"
86896,2024-06-27,22:09:37,2,5,Walk-In,26,200,Thursday,"6 PM - 12 AM"
115604,2024-06-23,22:55:59,2,5,Zomato,25,320,Sunday,"6 PM - 12 AM"
34118,2024-05-23,10:44:08,1,3,Walk-In,66,248,Thursday,"6 AM - 12 PM"
102117,2024-06-25,15:47:47,2,3,Walk-In,26,200,Tuesday,"12 PM - 6 PM"
68169,2024-06-22,13:05:03,2,3,Walk-In,21,240,Saturday,"12 PM - 6 PM"
95744,2024-06-30,06:38:23,1,8,Walk-In,6,300,Sunday,"6 AM - 12 PM"
99503,2024-03-16,06:48:58,1,8,Walk-In,43,240,Saturday,"6 AM - 12 PM"
18148,2024-09-05,23:42:12,2,8,Walk-In,25,240,Thursday,"6 PM - 12 AM"
20866,2024-06-01,18:46:02,1,8,Walk-In,66,248,Saturday,"6 PM - 12 AM"
46662,2024-05-02,09:10:34,2,8,Walk-In,58,200,Thursday,"6 AM - 12 PM"
98598,2024-05-29,15:43:50,1,3,Walk-In,11,196,Wednesday,"12 PM - 6 PM"
143048,2024-03-06,02:04:42,2,3,Walk-In,23,240,Wednesday,"12 AM - 3 AM"
33818,2024-01-06,02:33:04,2,5,Swiggy,60,280,Saturday,"12 AM - 3 AM"
57149,2024-02-21,22:51:45,3,5,Walk-In,24,240,Wednesday,"6 PM - 12 AM"
69736,2024-06-15,10:51:03,1,8,Walk-In,26,200,Saturday,"6 AM - 12 PM"
45541,2024-03-23,08:44:16,1,8,Walk-In,76,204,Saturday,"6 AM - 12 PM"
77926,2024-08-05,23:02:28,1,8,Walk-In,66,248,Monday,"6 PM - 12 AM"
8801,2024-04-13,13:16:45,2,3,Walk-In,25,240,Saturday,"12 PM - 6 PM"
123815,2024-06-01,06:59:13,1,3,Swiggy,118,360,Saturday,"6 AM - 12 PM"
91237,2024-08-04,15:23:26,1,3,Swiggy,60,280,Sunday,"12 PM - 6 PM"
112168,2024-05-06,15:48:41,2,8,Walk-In,12,240,Monday,"12 PM - 6 PM"
50049,2024-05-20,16:56:03,3,5,Walk-In,73,300,Monday,"12 PM - 6 PM"
91926,2024-06-25,22:40:36,2,8,Walk-In,18,176,Tuesday,"6 PM - 12 AM"
96503,2024-05-14,15:36:36,2,3,Walk-In,20,160,Tuesday,"12 PM - 6 PM"
102564,2024-10-01,00:31:42,2,8,Walk-In,25,240,Tuesday,"12 AM - 3 AM"
137097,2024-12-05,21:48:30,1,5,Zomato,17,340,Thursday,"6 PM - 12 AM"
70754,2024-04-22,10:09:57,2,3,Walk-In,11,196,Monday,"6 AM - 12 PM"
117553,2024-11-05,08:22:16,2,8,Walk-In,53,160,Tuesday,"6 AM - 12 PM"
135881,2024-02-21,23:58:46,1,8,Walk-In,88,240,Wednesday,"6 PM - 12 AM"
91760,2024-02-01,21:38:24,2,8,Walk-In,24,240,Thursday,"6 PM - 12 AM"
133857,2024-06-13,11:31:49,2,3,Walk-In,73,300,Thursday,"6 AM - 12 PM"
40817,2024-06-04,17:53:06,1,3,Walk-In,93,200,Tuesday,"12 PM - 6 PM"
50671,2024-01-27,19:21:40,1,3,Walk-In,11,196,Saturday,"6 PM - 12 AM"
126099,2024-04-24,09:04:29,2,5,Walk-In,38,168,Wednesday,"6 AM - 12 PM"
135369,2024-10-06,20:46:51,1,5,Swiggy,39,380,Sunday,"6 PM - 12 AM"
37417,2024-06-23,17:18:31,2,3,Zomato,13,300,Sunday,"12 PM - 6 PM"
76338,2024-06-04,11:03:36,2,3,Walk-In,26,200,Tuesday,"6 AM - 12 PM"
77591,2024-03-04,01:46:42,2,5,Walk-In,25,240,Monday,"12 AM - 3 AM"
83830,2024-06-14,20:40:01,2,5,Zomato,10,300,Friday,"6 PM - 12 AM"
52526,2024-05-20,17:22:31,1,5,Swiggy,118,450,Monday,"12 PM - 6 PM"
97502,2024-01-22,21:58:30,2,3,Swiggy,47,280,Monday,"6 PM - 12 AM"
144963,2024-05-03,10:48:48,1,8,Walk-In,59,200,Friday,"6 AM - 12 PM"
38805,2024-03-13,01:11:55,2,8,Walk-In,35,280,Wednesday,"12 AM - 3 AM"
64672,2024-02-05,06:20:27,1,3,Walk-In,88,240,Monday,"6 AM - 12 PM"
80001,2024-04-14,19:13:25,1,5,Walk-In,100,64,Sunday,"6 PM - 12 AM"
69217,2024-01-26,21:38:12,2,8,Zomato,44,360,Friday,"6 PM - 12 AM"
79472,2024-04-21,13:55:15,2,8,Walk-In,58,200,Sunday,"12 PM - 6 PM"
116196,2024-02-22,02:36:15,2,5,Walk-In,26,200,Thursday,"12 AM - 3 AM"
137849,2024-06-29,17:34:16,2,8,Walk-In,100,64,Saturday,"12 PM - 6 PM"
147421,2024-10-05,08:16:47,2,3,Zomato,16,300,Saturday,"6 AM - 12 PM"
76138,2024-03-22,23:55:14,1,5,Walk-In,24,240,Friday,"6 PM - 12 AM"
4547,2024-02-05,21:32:05,1,5,Walk-In,62,260,Monday,"6 PM - 12 AM"
14692,2024-01-06,20:26:20,2,3,Walk-In,23,240,Saturday,"6 PM - 12 AM"
46340,2024-06-29,06:01:58,2,5,Walk-In,18,176,Saturday,"6 AM - 12 PM"
104536,2024-08-06,09:38:57,1,5,Walk-In,12,240,Tuesday,"6 AM - 12 PM"
145453,2024-03-02,14:10:30,1,3,Walk-In,66,248,Saturday,"12 PM - 6 PM"
68693,2024-05-24,21:13:05,2,8,Zomato,13,300,Friday,"6 PM - 12 AM"
110553,2024-02-25,09:35:15,1,5,Walk-In,23,240,Sunday,"6 AM - 12 PM"
49060,2024-02-05,07:36:46,2,5,Zomato,44,360,Monday,"6 AM - 12 PM"
74466,2024-01-06,21:47:14,1,8,Swiggy,60,280,Saturday,"6 PM - 12 AM"
82109,2024-02-24,22:41:34,2,5,Walk-In,25,240,Saturday,"6 PM - 12 AM"
111985,2024-06-16,20:41:03,2,3,Swiggy,39,380,Sunday,"6 PM - 12 AM"
15163,2024-06-06,19:24:57,1,3,Zomato,17,340,Thursday,"6 PM - 12 AM"
27523,2024-03-22,20:11:16,1,5,Walk-In,45,176,Friday,"6 PM - 12 AM"
27714,2024-06-16,22:39:18,1,8,Walk-In,8,300,Sunday,"6 PM - 12 AM"
35593,2024-04-21,07:26:52,1,5,Walk-In,9,1580,Sunday,"6 AM - 12 PM"
63462,2024-06-13,00:35:00,2,5,Walk-In,11,196,Thursday,"12 AM - 3 AM"
64298,2024-06-05,12:31:50,2,5,Zomato,25,320,Wednesday,"12 PM - 6 PM"
64458,2024-01-24,12:45:56,2,3,Walk-In,35,280,Wednesday,"12 PM - 6 PM"
138248,2024-08-02,16:25:41,1,8,Walk-In,12,240,Friday,"12 PM - 6 PM"
149053,2024-02-27,08:41:19,2,3,Zomato,25,320,Tuesday,"6 AM - 12 PM"
3360,2024-02-16,14:54:45,1,8,Walk-In,43,168,Friday,"12 PM - 6 PM"
48074,2024-03-02,18:01:13,2,8,Walk-In,73,300,Saturday,"6 PM - 12 AM"
137700,2024-01-17,23:29:51,2,3,Zomato,17,340,Wednesday,"6 PM - 12 AM"
47375,2024-04-02,19:17:39,2,5,Walk-In,26,200,Tuesday,"6 PM - 12 AM"
54212,2024-01-05,23:45:05,2,3,Zomato,13,340,Friday,"6 PM - 12 AM"
87565,2024-04-24,18:21:45,2,3,Swiggy,47,280,Wednesday,"6 PM - 12 AM"
85886,2024-02-01,20:36:12,1,5,Walk-In,8,300,Thursday,"6 PM - 12 AM"
102242,2024-01-02,20:29:03,2,3,Walk-In,26,200,Tuesday,"6 PM - 12 AM"
35710,2024-02-06,13:26:05,1,8,Walk-In,58,200,Tuesday,"12 PM - 6 PM"
100047,2024-05-26,15:23:07,1,5,Walk-In,35,280,Sunday,"12 PM - 6 PM"
5333,2024-04-01,18:41:52,1,5,Walk-In,59,200,Monday,"6 PM - 12 AM"
14534,2024-06-19,19:42:15,2,8,Zomato,13,300,Wednesday,"6 PM - 12 AM"
83009,2024-01-29,19:48:55,2,3,Zomato,16,300,Monday,"6 PM - 12 AM"
148078,2024-02-23,17:09:24,1,3,Walk-In,26,200,Friday,"12 PM - 6 PM"
27538,2024-05-25,11:37:33,2,5,Walk-In,63,64,Saturday,"6 AM - 12 PM"
82671,2024-04-27,12:59:51,1,8,Walk-In,86,240,Saturday,"12 PM - 6 PM"
85342,2024-06-28,12:45:11,2,3,Walk-In,26,200,Friday,"12 PM - 6 PM"
100630,2024-06-23,13:10:09,2,8,Swiggy,60,280,Sunday,"12 PM - 6 PM"
132945,2024-05-13,23:36:44,2,3,Walk-In,93,200,Monday,"6 PM - 12 AM"
147926,2024-04-26,01:13:44,1,3,Swiggy,39,380,Friday,"12 AM - 3 AM"
31884,2024-06-29,00:35:39,1,3,Walk-In,88,240,Saturday,"12 AM - 3 AM"
49343,2024-04-04,18:27:30,2,5,Zomato,17,340,Thursday,"6 PM - 12 AM"
75319,2024-10-05,22:59:34,2,5,Walk-In,76,204,Saturday,"6 PM - 12 AM"
122536,2024-04-14,07:38:46,1,5,Walk-In,12,240,Sunday,"6 AM - 12 PM"
20028,2024-12-04,07:40:39,2,5,Walk-In,52,248,Wednesday,"6 AM - 12 PM"
51880,2024-01-02,12:38:22,2,3,Walk-In,25,240,Tuesday,"12 PM - 6 PM"
121659,2024-06-04,15:21:33,1,3,Walk-In,6,300,Tuesday,"12 PM - 6 PM"
92690,2024-05-23,18:21:22,1,3,Walk-In,73,300,Thursday,"6 PM - 12 AM"
144172,2024-01-24,14:26:23,1,8,Walk-In,20,160,Wednesday,"12 PM - 6 PM"
4752,2024-10-05,14:13:24,2,5,Walk-In,11,196,Saturday,"12 PM - 6 PM"
13945,2024-11-01,08:09:40,2,5,Walk-In,66,248,Friday,"6 AM - 12 PM"
31509,2024-03-25,17:45:30,2,3,Walk-In,25,240,Monday,"12 PM - 6 PM"
49718,2024-01-04,06:42:22,1,5,Walk-In,26,200,Thursday,"6 AM - 12 PM"
57691,2024-08-05,20:58:37,2,3,Zomato,13,300,Monday,"6 PM - 12 AM"
93697,2024-04-04,17:25:52,2,5,Walk-In,25,240,Thursday,"12 PM - 6 PM"
102659,2024-10-06,07:36:05,2,8,Walk-In,18,176,Sunday,"6 AM - 12 PM"
13758,2024-10-04,16:46:15,2,3,Swiggy,39,380,Friday,"12 PM - 6 PM"
73909,2024-04-04,13:17:04,2,8,Walk-In,59,200,Thursday,"12 PM - 6 PM"
77081,2024-04-30,13:27:36,2,3,Walk-In,66,248,Tuesday,"12 PM - 6 PM"
103601,2024-01-06,22:09:29,2,5,Walk-In,11,196,Saturday,"6 PM - 12 AM"
70273,2024-06-27,13:41:38,1,3,Zomato,25,320,Thursday,"12 PM - 6 PM"
99158,2024-03-06,07:02:53,1,8,Walk-In,35,280,Wednesday,"6 AM - 12 PM"
111525,2024-02-28,10:40:16,2,3,Walk-In,26,200,Wednesday,"6 AM - 12 PM"
5511,2024-04-26,06:15:21,2,3,Walk-In,26,200,Friday,"6 AM - 12 PM"
10648,2024-11-01,08:18:32,2,3,Zomato,10,300,Friday,"6 AM - 12 PM"
28040,2024-01-21,08:58:53,2,3,Walk-In,45,176,Sunday,"6 AM - 12 PM"
50885,2024-01-05,08:41:29,1,5,Walk-In,97,716,Friday,"6 AM - 12 PM"
54105,2024-02-05,11:38:30,1,3,Swiggy,25,320,Monday,"6 AM - 12 PM"
115433,2024-01-23,21:58:50,2,5,Zomato,13,300,Tuesday,"6 PM - 12 AM"
657,2024-10-01,19:50:07,2,8,Walk-In,25,240,Tuesday,"6 PM - 12 AM"
43171,2024-03-05,12:42:23,1,3,Swiggy,118,360,Tuesday,"12 PM - 6 PM"
135011,2024-03-20,16:08:56,1,3,Swiggy,39,380,Wednesday,"12 PM - 6 PM"
68702,2024-09-05,12:58:07,1,3,Walk-In,26,200,Thursday,"12 PM - 6 PM"
40026,2024-03-06,18:55:25,2,5,Zomato,14,340,Wednesday,"6 PM - 12 AM"
134438,2024-06-22,22:49:47,2,5,Walk-In,22,200,Saturday,"6 PM - 12 AM"
119420,2024-04-23,23:29:14,1,3,Swiggy,39,380,Tuesday,"6 PM - 12 AM"
25975,2024-05-27,23:41:11,1,5,Walk-In,107,1440,Monday,"6 PM - 12 AM"
70684,2024-03-16,20:04:26,1,3,Walk-In,25,240,Saturday,"6 PM - 12 AM"
72256,2024-03-02,18:10:16,1,3,Walk-In,25,240,Saturday,"6 PM - 12 AM"
100069,2024-10-06,21:48:47,2,8,Walk-In,22,200,Sunday,"6 PM - 12 AM"
105560,2024-01-20,14:01:28,1,8,Walk-In,24,240,Saturday,"12 PM - 6 PM"
4681,2024-04-02,13:55:20,2,5,Walk-In,26,200,Tuesday,"12 PM - 6 PM"
21046,2024-04-17,01:51:15,2,5,Walk-In,43,240,Wednesday,"12 AM - 3 AM"
34370,2024-10-04,16:04:19,1,3,Walk-In,22,200,Friday,"12 PM - 6 PM"
100549,2024-03-22,11:38:39,3,5,Walk-In,88,240,Friday,"6 AM - 12 PM"
126140,2024-07-03,15:04:02,2,3,Swiggy,47,280,Wednesday,"12 PM - 6 PM"
141998,2024-02-05,21:10:18,1,3,Walk-In,62,260,Monday,"6 PM - 12 AM"
58236,2024-10-04,21:56:03,2,3,Walk-In,26,200,Friday,"6 PM - 12 AM"
83044,2024-08-01,07:15:32,2,5,Zomato,10,300,Thursday,"6 AM - 12 PM"
112713,2024-11-05,14:19:47,2,8,Walk-In,88,240,Tuesday,"12 PM - 6 PM"
145608,2024-06-26,06:03:48,2,8,Zomato,44,360,Wednesday,"6 AM - 12 PM"
33340,2024-05-15,18:53:30,2,8,Walk-In,20,160,Wednesday,"6 PM - 12 AM"
61626,2024-06-25,13:32:20,1,5,Walk-In,38,240,Tuesday,"12 PM - 6 PM"
14736,2024-04-05,14:39:09,2,8,Walk-In,25,240,Friday,"12 PM - 6 PM"
51251,2024-01-17,06:37:59,1,3,Zomato,13,300,Wednesday,"6 AM - 12 PM"
134328,2024-01-24,22:25:19,3,5,Walk-In,86,240,Wednesday,"6 PM - 12 AM"
141669,2024-10-04,06:20:41,1,8,Walk-In,21,240,Friday,"6 AM - 12 PM"
23050,2024-05-23,09:10:23,2,8,Walk-In,58,200,Thursday,"6 AM - 12 PM"
74189,2024-06-23,17:53:17,2,3,Walk-In,73,300,Sunday,"12 PM - 6 PM"
103853,2024-01-05,20:02:09,2,3,Walk-In,11,196,Friday,"6 PM - 12 AM"
22718,2024-12-01,06:48:53,1,5,Walk-In,52,248,Sunday,"6 AM - 12 PM"
26498,2024-01-22,16:33:05,2,8,Walk-In,26,200,Monday,"12 PM - 6 PM"
48482,2024-11-04,14:39:26,2,3,Swiggy,39,380,Monday,"12 PM - 6 PM"
72551,2024-06-03,19:55:51,1,3,Walk-In,58,200,Monday,"6 PM - 12 AM"
120252,2024-12-05,23:09:39,1,3,Zomato,17,340,Thursday,"6 PM - 12 AM"
80013,2024-04-06,12:26:34,1,3,Walk-In,5,260,Saturday,"12 PM - 6 PM"
128003,2024-02-26,10:08:18,2,3,Zomato,14,340,Monday,"6 AM - 12 PM"
146176,2024-08-05,13:31:30,2,3,Zomato,25,320,Monday,"12 PM - 6 PM"
74148,2024-08-03,23:54:27,1,5,Walk-In,21,240,Saturday,"6 PM - 12 AM"
78565,2024-03-31,23:33:19,1,5,Walk-In,52,248,Sunday,"6 PM - 12 AM"
106994,2024-02-13,09:07:40,2,8,Swiggy,39,380,Tuesday,"6 AM - 12 PM"
138247,2024-01-04,20:52:14,1,8,Walk-In,20,160,Thursday,"6 PM - 12 AM"
39829,2024-05-01,18:38:36,2,3,Walk-In,93,200,Wednesday,"6 PM - 12 AM"
67885,2024-02-03,08:57:28,1,5,Walk-In,26,200,Saturday,"6 AM - 12 PM"
82896,2024-07-02,20:22:33,2,5,Walk-In,26,200,Tuesday,"6 PM - 12 AM"
44635,2024-05-22,18:25:00,1,8,Swiggy,25,320,Wednesday,"6 PM - 12 AM"
91831,2024-05-24,17:20:43,1,5,Walk-In,5,260,Friday,"12 PM - 6 PM"
117142,2024-06-03,17:11:16,1,5,Walk-In,35,280,Monday,"12 PM - 6 PM"
89912,2024-05-03,20:45:25,2,5,Walk-In,76,204,Friday,"6 PM - 12 AM"
8858,2024-10-03,13:27:17,2,8,Walk-In,63,64,Thursday,"12 PM - 6 PM"
32461,2024-08-02,11:02:16,1,5,Zomato,16,300,Friday,"6 AM - 12 PM"
135435,2024-03-28,21:18:46,2,3,Walk-In,35,280,Thursday,"6 PM - 12 AM"
136065,2024-06-30,01:16:14,1,3,Walk-In,25,240,Sunday,"12 AM - 3 AM"
89334,2024-03-04,15:24:29,1,3,Walk-In,22,200,Monday,"12 PM - 6 PM"
24997,2024-05-23,12:39:29,1,5,Zomato,10,300,Thursday,"12 PM - 6 PM"
27423,2024-12-05,20:34:45,2,3,Swiggy,60,280,Thursday,"6 PM - 12 AM"
44907,2024-01-06,09:40:27,1,5,Walk-In,3,260,Saturday,"6 AM - 12 PM"
80130,2024-06-05,16:39:12,2,8,Walk-In,53,160,Wednesday,"12 PM - 6 PM"
129343,2024-11-02,06:28:26,2,3,Walk-In,86,240,Saturday,"6 AM - 12 PM"
24924,2024-06-03,07:54:43,1,3,Walk-In,68,280,Monday,"6 AM - 12 PM"
58001,2024-06-28,12:40:18,2,3,Zomato,44,360,Friday,"12 PM - 6 PM"
86310,2024-06-03,17:02:14,1,3,Walk-In,4,280,Monday,"12 PM - 6 PM"
106190,2024-11-05,20:25:39,1,3,Walk-In,45,176,Tuesday,"6 PM - 12 AM"
57152,2024-04-18,22:35:42,2,5,Walk-In,25,240,Thursday,"6 PM - 12 AM"
86019,2024-12-01,23:21:24,1,8,Zomato,44,360,Sunday,"6 PM - 12 AM"
138186,2024-06-20,23:54:17,1,5,Walk-In,2,280,Thursday,"6 PM - 12 AM"
31512,2024-07-06,18:43:45,2,3,Walk-In,86,240,Saturday,"6 PM - 12 AM"
117153,2024-04-05,21:29:11,1,5,Walk-In,53,160,Friday,"6 PM - 12 AM"
134830,2024-01-28,09:06:39,2,5,Walk-In,58,200,Sunday,"6 AM - 12 PM"
142941,2024-03-02,08:54:20,2,8,Walk-In,26,200,Saturday,"6 AM - 12 PM"
147825,2024-09-03,17:27:59,2,8,Walk-In,66,248,Tuesday,"12 PM - 6 PM"
